Date,daily_returns,realized_volatility
2023-07-09,-0.06906671929434603,-0.8447099196155253
2023-07-10,0.24727483981390014,-0.8403100800648852
2023-07-11,-0.06391752236886007,-1.1621609205196946
2023-07-12,-0.12651293519007675,-1.1720053615376167
2023-07-13,2.0784971921763047,-0.6621064112394219
2023-07-14,-1.0120342283453083,-0.5575505935558197
2023-07-15,-0.14855708831071557,-0.5663893009557435
2023-07-16,-0.14758721894886634,-0.6111267193826873
2023-07-17,-0.2129485551652467,-0.6256939534473928
2023-07-18,-0.24499293941318032,-0.7263882836578737
2023-07-19,-0.1621797794549375,-0.7355252499968071
2023-07-20,0.0012295347577426293,-0.9258270260078045
2023-07-21,-0.012003058443876087,-0.9270656202254938
2023-07-22,-0.4508258302849473,-0.9152530300057984
2023-07-23,0.35298837962096585,-0.9052017532619363
2023-07-24,-0.6383038707417761,-0.8742561012294984
2023-07-25,0.09358214779706107,-0.8851654157060911
2023-07-26,0.19861278857058617,-0.9892416958041351
2023-07-27,-0.21434934674648362,-0.9989812451537833
2023-07-28,0.19781468589254741,-0.9935711688086656
2023-07-29,0.06978678818966585,-0.9930898077626413
2023-07-30,-0.3324438376255647,-0.990368353311416
2023-07-31,-0.11570105358207625,-0.9897099189216624
2023-08-01,0.21797446874392995,-0.9828295309487314
2023-08-02,-0.5422098963351599,-1.7151922403176905
2023-08-03,-0.0923642479161492,-1.9109797296245947
2023-08-04,-0.14802189415257866,-1.910991766384245
2023-08-05,0.08761291990663568,-1.9011699206342427
2023-08-06,-0.14966825185195132,-1.904243203695781
2023-08-07,-0.03765815264149993,-1.9104415550403817
2023-08-08,0.4346856748552408,-1.8432646283107337
2023-08-09,-0.053138058700269816,-1.8441045458313716
2023-08-10,-0.08536978202589839,-1.8444841836678398
2023-08-11,-0.08682312464514208,-1.8873285769354644
2023-08-12,-0.0011896186289001574,-1.9334230619427633
2023-08-13,-0.18185440494249397,-2.0389353943693838
2023-08-14,0.049055722764674105,-2.042330134238754
2023-08-15,-0.3039284336394175,-2.042038235079193
2023-08-16,-0.3711370412054696,-2.0179520760796925
2023-08-17,-1.9922645935194976,-1.2972183137472484
2023-08-18,-0.4472541146181365,-1.2981785212021053
2023-08-19,0.12147522571318096,-1.2853236772330492
2023-08-20,0.2412306835320755,-1.259110822557123
2023-08-21,-0.33565391019583857,-1.2798547867949503
2023-08-22,-0.6170043902289493,-1.2710214948566951
2023-08-23,0.7862362838129482,-1.136262321574507
2023-08-24,-0.3672129030440835,-1.1302844869279558
2023-08-25,-0.15323319603519003,-1.1396291642317602
2023-08-26,-0.14698744296736904,-1.1396072443972285
2023-08-27,0.1706006169291805,-1.1257245845502521
2023-08-28,-0.11880557209609496,-1.1787808923448613
2023-08-29,1.3436211452847469,-0.8843717064509464
2023-08-30,-0.4470404953791762,-0.872921995461756
2023-08-31,-1.0533149684588083,-0.7823575876354842
2023-09-01,-0.3351929751400807,-0.7847378957735331
2023-09-02,0.12461109507566187,-0.7728259633249261
2023-09-03,-0.045532428300570554,-0.7770311387355362
2023-09-04,-0.14522065180357002,-0.778151797140129
2023-09-05,0.042346173590495875,-0.7767790747359291
2023-09-06,-0.05400179919707944,-1.226697556265481
2023-09-07,0.24678359486526139,-1.2361883283435635
2023-09-08,-0.23347785102707158,-1.2351233105912505
2023-09-09,-0.04675700508073643,-1.2489330413766997
2023-09-10,-0.3584403334755449,-1.247023481505798
2023-09-11,-1.2130681303701656,-1.1048285175544843
2023-09-12,0.7426126388925262,-1.1152214781926197
2023-09-13,0.25761624743376343,-1.109716108316815
2023-09-14,0.31740956844570783,-1.0915050657643737
2023-09-15,0.23540908142072167,-1.082974591861046
2023-09-16,-0.14404893694207774,-1.0872038649957994
2023-09-17,-0.25054562070231096,-1.0823116772346695
2023-09-18,0.23217181088760916,-1.368866096000165
2023-09-19,0.08188089549425534,-1.3846110710117077
2023-09-20,-0.3982157722682665,-1.5394077567518358
2023-09-21,-0.7272808946136204,-1.4705621345815743
2023-09-22,0.1368175659208023,-1.469697297865988
2023-09-23,-0.018389765295276018,-1.4693704036113513
2023-09-24,-0.26880456308476525,-1.4632139414874068
2023-09-25,0.1094736828707551,-1.4597367681765732
2023-09-26,0.06491703939418289,-1.456770378093688
2023-09-27,0.04581439012793296,-1.4720776190443492
2023-09-28,0.9887853257222148,-1.3003703461367406
2023-09-29,0.23827952698991386,-1.291513474536311
2023-09-30,0.027393163749206646,-1.3132094853969514
2023-10-01,1.0714044978101145,-1.4273576860082084
2023-10-02,-1.2177242397898902,-1.223088610469548
2023-10-03,-0.15176522223057226,-1.226015000965836
2023-10-04,-0.1860508352046644,-1.2349766084323175
2023-10-05,-0.6771241117795602,-1.1835647819801791
2023-10-06,0.5966788804166703,-1.1289346032439362
2023-10-07,-0.23119715826746098,-1.130154724531862
2023-10-08,-0.046544190015104694,-1.1390349914676245
2023-10-09,-0.9951714963895154,-1.0222222143281505
2023-10-10,-0.2540088710819345,-1.0315513274785544
2023-10-11,-0.05656269817097065,-1.091306509403035
2023-10-12,-0.5286763119796787,-1.0665156045699011
2023-10-13,0.20868342065338655,-1.0565844038039163
2023-10-14,0.030663128937199694,-1.0616457487029836
2023-10-15,0.02385128856218029,-1.0643194271862313
2023-10-16,0.7709470443153095,-0.9810860167181389
2023-10-17,-0.6730306978157534,-0.9310010564554276
2023-10-18,-0.06094317709539058,-1.0778479325474108
2023-10-19,0.04035129067401124,-1.0912329930899307
2023-10-20,0.6677295267413603,-1.0152681529771581
2023-10-21,0.42153564687567435,-1.1646439965842457
2023-10-22,0.585692208956774,-1.296679270537485
2023-10-23,1.770255951098409,-0.8855021815888786
2023-10-24,0.28764966727760016,-0.889077491811722
2023-10-25,0.019451235991389697,-0.9644960103537145
2023-10-26,0.24410853323653295,-0.9913322845401903
2023-10-27,-0.41974829985669243,-0.9706511304285563
2023-10-28,-0.08577975663238768,-0.9689986258799258
2023-10-29,0.2835475375762123,-1.13432238509196
2023-10-30,0.20854378775513485,-1.1601617349819338
2023-10-31,0.07407687166208751,-1.1669191575876252
2023-11-01,0.46584564339219214,-1.2396762699207478
2023-11-02,-0.7678917635795853,-1.100310285039002
2023-11-03,0.4953674695022661,-1.0930765450975946
2023-11-04,0.36968503800327684,-1.0958518211218888
2023-11-05,0.5469699881138985,-1.1223205000893062
2023-11-06,0.05878503839389077,-1.2381919195824655
2023-11-07,-0.21026811220101477,-1.220721600919151
2023-11-08,-0.010621763452097548,-1.217149000399667
2023-11-09,3.564215367653368,-0.1093796898673383
2023-11-10,-0.6145189088218385,-0.030168993075417122
2023-11-11,-0.3905663923360506,0.004535629602117313
2023-11-12,-0.13691003441681468,-0.1749898094867997
2023-11-13,0.11543024955546485,-0.1751887492949198
2023-11-14,-1.1179800908923394,-0.04036519807932687
2023-11-15,1.177701702786995,0.0422782595057225
2023-11-16,-1.4474815016300724,0.21284833397546019
2023-11-17,-0.023275704063265748,0.21113685697895884
2023-11-18,0.0007513451938888656,0.2104171678210611
2023-11-19,0.71727485373129,0.2353437356727715
2023-11-20,0.1025075769304438,0.23511103379778486
2023-11-21,-1.2658420904359307,0.35990867090283873
2023-11-22,1.9011276080520563,0.5214918110911729
2023-11-23,-0.060748468724129284,0.5185495250113441
2023-11-24,0.2404212368978589,0.5160519552121192
2023-11-25,0.01675248602674744,0.5062638113300961
2023-11-26,-0.3268384602275385,0.5194448400387022
2023-11-27,-0.5396593097724981,0.5404305304957665
2023-11-28,0.2881952339735399,0.5418675426745521
2023-11-29,-0.30731822027043154,-0.43868239679847804
2023-11-30,0.2980163311658505,-0.45579784321150946
2023-12-01,0.4654411735581772,-0.44689726184573875
2023-12-02,1.0759264614527722,-0.3478290747499312
2023-12-03,0.35017184902499093,-0.34086680215964404
2023-12-04,0.6335758231562828,-0.4607124220454165
2023-12-05,0.6333633034981033,-0.5416698226425927
2023-12-06,-0.8251361467666406,-0.7096347824232405
2023-12-07,1.6273551983219288,-0.50684391100426
2023-12-08,-0.014901697994514648,-0.5060458438191828
2023-12-09,-0.24778808960091664,-0.5076457005827398
2023-12-10,0.11230005594172991,-0.5078298251606005
2023-12-11,-1.6253233337394544,-0.3942878236171601
2023-12-12,-0.3267479521163898,-0.6889348352969764
2023-12-13,0.7522146756717366,-0.6451506594896141
2023-12-14,0.6971451615668568,-0.6122778186492057
2023-12-15,-1.261689716341344,-0.42733284613649214
2023-12-16,0.07114598435783132,-0.4433755684788542
2023-12-17,-0.43064931639539566,-0.455563137558949
2023-12-18,0.2486760613601579,-0.45686944395458895
2023-12-19,-0.5509827737788501,-0.4325577100957261
2023-12-20,0.2948184576341345,-0.4326874841703659
2023-12-21,0.4725196595516652,-0.43216701931731705
2023-12-22,1.1110802999244362,-0.4254060153960822
2023-12-23,-0.24982744707847618,-0.4230207683584325
2023-12-24,-0.5805149162925572,-0.4232114017779448
2023-12-25,0.05976839666504011,-0.46346922008361086
2023-12-26,-0.560195430144816,-0.49792909621813725
2023-12-27,1.9084955086303685,-0.4015162518199215
2023-12-28,-0.4140236795196782,-0.386640377781462
2023-12-29,-0.6155085657917148,-0.35951298438499407
2023-12-30,-0.13932337951549245,-0.36124237916581786
2023-12-31,-0.16495942945549086,-0.611370452066349
2024-01-01,0.8826014778613636,-0.5539629653707823
2024-01-02,0.014538912018803873,-0.603040865066263
2024-01-03,-1.8372808758009396,-0.3341021421239174
2024-01-04,0.7446889372023348,-0.4169171473482528
2024-01-05,-0.03431011731280352,-0.4170732304434188
2024-01-06,-0.3789699466193894,-0.4211372119384289
2024-01-07,-0.27495028138560573,-0.42008132066973874
2024-01-08,1.4258603492248592,-0.27331456123915204
2024-01-09,0.11917547978495288,-0.27733059686132283
2024-01-10,2.9417503457767786,0.33598124333782103
2024-01-11,0.39732503963684557,0.2772688372975882
2024-01-12,-1.0957769541462807,0.37525946115471553
2024-01-13,0.5771245250920356,0.3507561935172105
2024-01-14,-1.2183926523780368,0.4788611574305289
2024-01-15,0.4353653096210273,0.45162503378479324
2024-01-16,0.8630872331943569,0.26796866710800527
2024-01-17,-0.7023238440356926,0.2955600971578432
2024-01-18,-0.741674926338103,0.30954178831171264
2024-01-19,0.23828103220842556,0.3068036424245564
2024-01-20,-0.26405686332924017,0.31136572633517295
2024-01-21,-0.21562017437777006,0.2708184418382871
2024-01-22,-1.7412353220417918,0.4843289663369254
2024-01-23,-0.9204217462424702,0.31053646725563766
2024-01-24,-0.12260338982739641,0.269929772945731
2024-01-25,-0.23762166349673147,0.27273826583415023
2024-01-26,0.6259381990535561,0.2936574621321857
2024-01-27,-0.020365150372595394,0.2878455575419191
2024-01-28,-0.16748091736969603,0.13406605077336523
2024-01-29,0.749306527284962,0.1798043636086747
2024-01-30,0.3183143769996954,-0.6079658397201945
2024-01-31,-0.8050460500721227,-0.6050591051765967
2024-02-01,0.24447437013743054,-0.671937226285342
2024-02-02,0.02444335769688584,-0.7283658487517002
2024-02-03,-0.1818996675528371,-0.8568004742482128
2024-02-04,-0.11227028591803578,-0.8968857554613111
2024-02-05,0.09055553828768195,-1.023703873458725
2024-02-06,0.907063325669056,-0.9184153887233437
2024-02-07,0.6086866745747438,-0.9130231976368118
2024-02-08,-0.07575192686137655,-0.9236427510495085
2024-02-09,0.791035198242224,-0.8471542439113995
2024-02-10,0.13259834440801427,-0.8502827050809699
2024-02-11,0.04519533185889766,-1.2791580216985121
2024-02-12,1.7334287222637934,-1.0907242719306565
2024-02-13,-0.2052146580705265,-1.082009144706067
2024-02-14,1.4788488612100783,-0.9254095598965075
2024-02-15,0.46196798355729746,-0.9350640951390271
2024-02-16,-0.24430494870480723,-0.9115625427745265
2024-02-17,-0.20747314852657858,-0.9069268901823957
2024-02-18,0.9434832169497522,-0.8809761124945876
2024-02-19,0.6293049163844908,-0.8684588500700886
2024-02-20,0.6682430002201584,-1.0215878334353694
2024-02-21,-0.4496404587016606,-0.9384784200655515
2024-02-22,-0.02280925433683666,-0.9343895632839282
2024-02-23,-0.5169326513840623,-0.8781634686910816
2024-02-24,0.6815027433595863,-0.891125062256603
2024-02-25,1.1511990246581683,-0.8353168538735195
2024-02-26,0.5960820315302124,-0.8597217872334952
2024-02-27,0.5759225480457343,-0.8611426662616632
2024-02-28,1.2483516097312193,-0.8162698758679215
2024-02-29,-0.40894115473024195,-0.7472790661327158
2024-03-01,0.788972928583035,-0.7429230347780564
2024-03-02,-0.14040204614297788,-0.722810128079235
2024-03-03,0.562266404604205,-0.9235741686691985
2024-03-04,1.143478263425329,-0.9051697308282778
2024-03-05,-0.6395910854361568,-0.9184081267227222
2024-03-06,2.153268312538055,-0.5707746068546217
2024-03-07,0.39449173615701727,-0.6190390542266877
2024-03-08,0.10498144401945014,-0.6529968809704412
2024-03-09,0.1469507200219586,-0.6686005313024447
2024-03-10,-0.2858988568999277,-0.6224136183621645
2024-03-11,1.3721308910080272,-0.5338858420947469
2024-03-12,-0.651423866083008,-0.4951228807364525
2024-03-13,0.16389091830461433,-0.5078912693730687
2024-03-14,-0.932944889959955,-0.4163317754918223
2024-03-15,-1.1476693267706466,-0.2207023924613214
2024-03-16,-1.6984822934681756,0.02171472077671639
2024-03-17,0.96712618904489,0.05707742459536889
2024-03-18,-1.032223196291958,0.14955739339022386
2024-03-19,-3.03678518742641,0.6783028967650224
2024-03-20,3.2788207156195646,1.3012465464191088
2024-03-21,-0.19974381018664392,1.275324130517536
2024-03-22,-1.3682706661361728,1.3734318656875701
2024-03-23,-0.003658889929675897,1.3537996876890868
2024-03-24,1.0094576844498986,1.3375561749660507
2024-03-25,1.1286847412793748,1.388064223400173
2024-03-26,-0.056879494814180635,1.1280970219907764
2024-03-27,-0.7444514722303909,1.1350028161638916
2024-03-28,0.4839365969944501,1.153375552199257
2024-03-29,-0.4372426127996141,1.1533865754269865
2024-03-30,-0.06153892971870962,1.1528931694215265
2024-03-31,1.141761361410084,1.1165140370865039
2024-04-01,-1.1788086726786127,1.160267934016534
2024-04-02,-1.9374030194212288,1.3087298996286851
2024-04-03,0.2772051113680606,1.3000704528004363
2024-04-04,0.1356485369623253,1.2575577081444613
2024-04-05,-0.12760603105344778,1.1214069198101657
2024-04-06,0.2830133614906611,1.064875679029653
2024-04-07,0.8400461570253818,1.0604774873325966
2024-04-08,2.0264180336302826,0.6937896859056825
2024-04-09,-1.539888464218031,0.18831709709420552
2024-04-10,0.2938518771206066,0.19208491900027844
2024-04-11,-0.34813993685506445,0.053066852673551504
2024-04-12,-2.2255679533283894,0.41784407546467167
2024-04-13,-2.1851600764870946,0.6128341142839717
2024-04-14,1.4563119525371095,0.6758505142378405
2024-04-15,-0.5439406075813812,0.6816150266658909
2024-04-16,-0.18714958104487758,0.6631304679174768
2024-04-17,-0.9828195365897278,0.6670773315957138
2024-04-18,0.7704814719781928,0.7284263549326232
2024-04-19,-0.09388099633166244,0.727908244647056
2024-04-20,0.9146099992671599,0.6923973898913877
2024-04-21,-0.12538297727350192,0.6303049194057447
2024-04-22,0.47789056309959677,0.42915437499293185
2024-04-23,0.13819349226878566,0.42426676537466573
2024-04-24,-0.7596897282324998,0.45354799542342106
2024-04-25,0.12694938795429445,0.4566465342523755
2024-04-26,-0.2742975537099353,0.44892527429532353
2024-04-27,1.1151115879448281,0.4893344706842492
2024-04-28,0.06650139063773831,0.1562263005948877
2024-04-29,-0.4552949424578119,0.01697560114052698
2024-04-30,-1.8841520730257002,0.21692145941030433
2024-05-01,-0.44351386249580366,0.21894256932994519
2024-05-02,0.15249546800723815,-0.09346095208247722
2024-05-03,1.1043493563565763,-0.37424285104553784
2024-05-04,0.10351644051520079,-0.5813969108281329
2024-05-05,0.15601716361929677,-0.606271272113846
2024-05-06,-0.7266570554406446,-0.5577015448391017
2024-05-07,-0.5675384817003255,-0.6221505861660102
2024-05-08,-0.3507264655851723,-0.6811351987139761
2024-05-09,0.5864876717251128,-0.6383244831975342
2024-05-10,-1.2499686590715526,-0.6015913156510909
2024-05-11,-0.010981313494069665,-0.5999487454600317
2024-05-12,0.14318029769959598,-0.6315759194467457
2024-05-13,0.1778410604709077,-0.6290097939598192
2024-05-14,-0.7081850111170838,-0.6353441260915871
2024-05-15,1.5594215258942858,-0.3658795319851004
2024-05-16,-0.9179269193033324,-0.3064023035639408
2024-05-17,1.4560152972335245,-0.22257887149025024
2024-05-18,0.24431972412711925,-0.21509818205198958
2024-05-19,-0.5097222133100869,-0.2113171701845382
2024-05-20,5.629116132724104,1.4980551324969928
2024-05-21,0.9760967201295939,1.489265288860878
2024-05-22,-0.432892986879494,1.5183886834017553
2024-05-23,0.2827119992705654,1.4864600098209966
2024-05-24,-0.4178742788314178,1.509679354024836
2024-05-25,0.14643933573545942,1.509790985146812
2024-05-26,0.5710780466729402,1.4598500412998916
2024-05-27,0.4780758915614255,1.4163864871607899
2024-05-28,-0.41964388912671186,1.421881956445971
2024-05-29,-0.6184041916179145,1.4673748075959283
2024-05-30,-0.15679015576310357,1.3475971615905504
2024-05-31,0.07400221909608777,1.3444966937940577
2024-06-01,0.38594477409913974,1.3414233359562084
2024-06-02,-0.27797349758278267,1.3621030082000505
2024-06-03,-0.14190406865265878,1.313603030721844
2024-06-04,0.33032021841412534,1.2366658047246963
2024-06-05,0.36923725951864605,1.1457491168057552
2024-06-06,-0.4293195480975071,1.11149770154581
2024-06-07,-1.053552798343174,1.2090709452135602
2024-06-08,-0.010729467134348256,1.1809304339257052
2024-06-09,0.16978608065246162,-1.2878625562534733
2024-06-10,-0.3397079221957306,-1.4441777739766843
2024-06-11,-1.3775645303006165,-1.2007575231292
2024-06-12,0.4851081486115434,-1.1714221495537644
2024-06-13,-0.7743600087045662,-1.12360595720351
2024-06-14,0.06376107081059557,-1.129048376823688
2024-06-15,0.6901652632863653,-1.1039939051548744
2024-06-16,0.42375514213333226,-1.1126538936383121
2024-06-17,-0.9146626530055803,-1.0426900562258035
2024-06-18,-0.2608438709512922,-1.0705938805614106
2024-06-19,0.6084555106053121,-1.0014807674460076
2024-06-20,-0.42734206438819955,-0.9931081330149141
2024-06-21,0.012464362879155392,-1.0251905124124452
2024-06-22,-0.20679791156472654,-1.0270743157780822
2024-06-23,-0.6694291347763462,-0.9925520025197202
2024-06-24,-0.6163130025686111,-1.0037795973737649
2024-06-25,0.36311655342498117,-1.0046924662003573
2024-06-26,-0.25022418609207375,-1.0107486407446549
2024-06-27,0.6270830171491346,-1.0330606327468403
2024-06-28,-0.6357919016940822,-1.0026440134381256
2024-06-29,-0.03506781698306963,-1.0144879403447409
2024-06-30,0.4923373180634543,-0.9683098373178008
2024-07-01,0.034485083924001285,-1.1919629389944646
2024-07-02,-0.2339584126206179,-1.2328896290881877
2024-07-03,-1.0900812307714016,-1.1557790491985984
2024-07-04,-2.154822377837408,-0.6741722363465147
2024-07-05,-0.7301954744478477,-0.7447796076024541
2024-07-06,0.835122797297838,-0.6639427002419991
2024-07-07,-1.3683379456984741,-0.5816817608692716
2024-07-08,0.8662185964085187,-0.4562395985023118
2024-07-09,0.411345914754174,-0.4847385108553452
2024-07-10,0.3366520523841695,-0.45882770567323233
2024-07-11,-0.047120427997326624,-0.46095749552098514
2024-07-12,0.2910985973699881,-0.4385907723012191
2024-07-13,0.3739387741998579,-0.4376185618101955
2024-07-14,0.5887834395770843,-0.41863024576585023
2024-07-15,2.1923831377919942,-0.005901152252530988
2024-07-16,-0.41661571868124325,0.003531204399605221
2024-07-17,-0.496157860304972,-0.010253276956853415
2024-07-18,0.2957012579046875,-0.03338200775199804
2024-07-19,0.6517944362579587,-0.0019992118037606955
2024-07-20,0.08431594625511041,-0.018821748135078115
2024-07-21,0.11515918432116098,-0.0181519020827721
2024-07-22,-0.8277666142523985,0.03308476637371285
2024-07-23,0.3255526789274234,-0.06092292687197427
2024-07-24,-1.2574296205541646,-0.3394686170375408
2024-07-25,-1.4541004220618596,-0.18716386515354835
2024-07-26,0.909742970926482,-0.17697360291604317
2024-07-27,-0.2832769190390801,-0.3566870111977938
2024-07-28,0.18642561044773362,-0.40880732842990014
2024-07-29,0.4111755162344745,-0.4088173863215937
2024-07-30,-0.3994812279295461,-0.39328233525380274
2024-07-31,-0.4534658535467724,-0.3703348767411998
2024-08-01,-0.2993963679321971,-0.36690528902705916
2024-08-02,-2.0059842584575933,-0.04942774542631668
2024-08-03,-0.841693770972725,-0.05314451038006646
2024-08-04,-2.2235121299341847,-0.2578732281531058
2024-08-05,-2.9713161356002478,0.2460422452567954
2024-08-06,0.47503445824789037,0.31508862356319495
2024-08-07,-1.4876908570205427,0.3337014939754683
2024-08-08,4.327975730492007,1.6087457607110818
2024-08-09,-0.9456585737393018,1.610940868263665
2024-08-10,0.08848120947450205,1.60951536355298
2024-08-11,-0.6678683723616378,1.604496268125256
2024-08-12,1.9391682503793113,1.8420831205603974
2024-08-13,-0.252975658580023,1.8009189500334146
2024-08-14,-0.4718494903851857,1.735941880491151
2024-08-15,-1.0527272572080149,1.6929251062225004
2024-08-16,0.23462502467159171,1.7085119012806749
2024-08-17,0.2125908309937215,1.7098322957614884
2024-08-18,-0.04261224872938094,1.6870764999588952
2024-08-19,0.23980930380352847,1.7024132895836015
2024-08-20,-0.7439630565764331,1.7103635423606118
2024-08-21,0.6358445663570694,1.7527914435625818
2024-08-22,-0.12346880443969102,1.5990631786734468
2024-08-23,1.5545904910508466,1.712238228764969
2024-08-24,0.023241451654306147,1.4670196739362156
2024-08-25,-0.2437452742314218,0.9508091173524165
2024-08-26,-0.7535203332414321,0.9929729528289436
2024-08-27,-2.4668383778753387,1.222136109947989
2024-08-28,0.8029197142365063,0.05032096959945404
2024-08-29,-0.024872410194065424,-0.009064427766408492
2024-08-30,-0.0637434363837374,-0.010819030678130425
2024-08-31,-0.17371847903406823,-0.04032203703156249
2024-09-01,-1.027921493309034,-0.3301790611028696
2024-09-02,1.30440499644663,-0.145892249313954
2024-09-03,-1.3893877939039037,-0.02485002472320117
2024-09-04,0.3148956708258299,-0.0802070256589534
2024-09-05,-1.0032143207660362,-0.026328145623651607
2024-09-06,-1.8131470147742412,0.16344691742516695
2024-09-07,0.6339071874276853,0.21677073328394839
2024-09-08,0.2700914267654378,0.21887344192392874
2024-09-09,0.7527675485226607,0.25867946929294766
2024-09-10,0.3578906317092267,0.23251860496790316
2024-09-11,-0.6403901678828817,0.2488476498535703
2024-09-12,0.2460520027744403,0.027715547459626812
2024-09-13,0.9630886142275448,0.13190709298480843
2024-09-14,-0.3059645125267624,0.13262303419855004
2024-09-15,-1.2152505009678851,0.18636950294028973
2024-09-16,-0.35327324374042385,-0.236221941697188
2024-09-17,0.5645831968047463,-0.2702596124618352
2024-09-18,0.3220765920679805,-0.25363558415601556
2024-09-19,1.1480562238640435,-0.12335368982472679
2024-09-20,1.118113151043453,-0.01891985165959917
2024-09-21,0.5988066531702396,-0.08996739709508329
2024-09-22,-0.3995822398105098,-0.2057453512074951
2024-09-23,0.7173967925539981,-0.3553554005655658
2024-09-24,0.03513818877104771,-0.358878987824671
2024-09-25,-0.8584662916972432,-0.3867329695811355
2024-09-26,0.5718787939328382,-0.7708741960692482
2024-09-27,0.6812811488789015,-0.7662857421011713
2024-09-28,-0.22922271802355754,-0.7444217203181012
2024-09-29,-0.22873613668317083,-0.7625797634573082
2024-09-30,-0.6506517592616182,-0.7011266405029312
2024-10-01,-1.7678323169320433,-0.409210028310927
2024-10-02,-1.0326091323094277,-0.31237956783059095
2024-10-03,-0.2209184757689048,-0.4035858975022934
2024-10-04,0.7829446222276722,-0.3454949728478125
2024-10-05,-0.01906498698601442,-0.4875953140542433
2024-10-06,0.266411284502754,-0.4995169605194967
2024-10-07,-0.2477869790951817,-0.5169897810103924
2024-10-08,0.18950310522046335,-0.5230482493401012
2024-10-09,-0.8903499231780954,-0.5878167236925985
2024-10-10,0.16382821141561796,-0.739256915254634
2024-10-11,0.6192668756344963,-0.7359230891589916
2024-10-12,0.4528691586148782,-0.7113211496543496
2024-10-13,-0.1341277954700683,-0.7865116726628715
2024-10-14,1.8889649440346532,-0.389746902902944
2024-10-15,-0.2847590407639299,-0.4499983061934565
2024-10-16,0.027981223229351863,-0.48356098835283545
2024-10-17,-0.1060359963339762,-0.5363950203640888
2024-10-18,0.39102379139041127,-0.5195023500745883
2024-10-19,0.049714995989974094,-0.5226315193124538
2024-10-20,1.0538249798832457,-0.46071397424922844
2024-10-21,-0.8914676654951363,-0.7147061936518808
2024-10-22,-0.5305520570457759,-0.8159656067818221
2024-10-23,-1.2741514035845916,-0.6198071317654597
2024-10-24,0.26796170357225574,-0.6701859557720731
2024-10-25,-1.1710462736797624,-0.5237597935319261
2024-10-26,0.49709072884034217,-0.5061847035856858
2024-10-27,0.28260069573509183,-0.5061260536335476
2024-10-28,0.6667803086676195,-0.4700126936601748
2024-10-29,0.8017566718826069,-0.5167413623610222
2024-10-30,0.186835153847954,-0.5165760479318712
2024-10-31,-1.5934375620955372,-0.2787152248159304
2024-11-01,-0.0749280458403325,-0.29509202694986064
2024-11-02,-0.2725711800317272,-0.2900516463492982
2024-11-03,-0.43756537365436576,-0.6460694935312885
2024-11-04,-0.7392133824780879,-0.6098758932740935
2024-11-05,0.2846090465400057,-0.5943114028715615
2024-11-06,3.6248663509971837,0.49720974579310284
2024-11-07,1.8182173440394733,0.6860931548558781
2024-11-08,0.6471756649392413,0.7016867858727499
2024-11-09,1.644250676426951,0.7883838976602554
2024-11-10,0.5351089542199636,0.7172278724091139
2024-11-11,1.658777884969498,0.7857100070254579
2024-11-12,-1.1476621413672046,0.7609549388248918
2024-11-13,-0.5145837434170729,0.8070671943650303
2024-11-14,-1.2583189400436692,0.823573537386184
2024-11-15,0.39394690478120925,0.8220940137491831
2024-11-16,0.25680871934341243,0.8222670092660668
2024-11-17,-0.5691064302932696,0.8589060413482159
2024-11-18,1.2326776665057229,0.8974059961781723
2024-11-19,-0.9122258723248451,0.9777293419456964
2024-11-20,-0.39912155546993167,0.7982893298848147
2024-11-21,2.7313762617286734,1.1176934073256726
2024-11-22,-0.2865379627916914,1.1188050096510789
2024-11-23,0.5402434321054916,1.0744467964333415
2024-11-24,-0.31076253045359825,1.0247683149845006
2024-11-25,0.40616805546756524,1.022580001494727
2024-11-26,-0.7777769075227453,0.45641453738231647
2024-11-27,2.889825879191053,0.7418027029679941
2024-11-28,-0.6509190764624561,0.7912791556698886
2024-11-29,0.08296906293268863,0.6680950910404423
2024-11-30,0.8875539265601772,0.6908494787039584
2024-12-01,0.014004759556737476,0.5492010078438516
2024-12-02,-0.5590465269938933,0.47041260989414757
2024-12-03,-0.21847878365099363,0.44888210094361014
2024-12-04,1.7597425867096617,0.4491280837083151
2024-12-05,-0.2610166449939002,0.4707816694887399
2024-12-06,1.4715152460653043,0.5587349389062519
2024-12-07,-0.05210497745643778,0.5121865099150076
2024-12-08,-0.0071593579718722015,0.46797354045823175
2024-12-09,-2.13295251536696,0.7548564769186705
2024-12-10,-0.71501326760346,0.786366859352442
2024-12-11,1.595563543661957,0.5013585775379669
2024-12-12,0.35589945198943573,0.4870631175004643
2024-12-13,0.18324075985019297,0.4795942605341344
2024-12-14,-0.3505393962755888,0.48243410260578146
2024-12-15,0.6047640090871932,0.4905990219959764
2024-12-16,0.2347839698187832,0.4211619741118265
2024-12-17,-0.7708260860511549,-0.06965057945980911
2024-12-18,-2.0535066520603977,0.23285669530413153
2024-12-19,-1.658910311185643,0.41831303348472465
2024-12-20,0.4399840894338973,0.37107722510160174
2024-12-21,-1.1734682554920792,0.44412678130063654
2024-12-22,-0.5543692161481317,0.4438761135972031
2024-12-23,1.2091960596392504,0.5636851795821705
2024-12-24,0.6262747347103143,0.36080356853459833
2024-12-25,-0.0192847013211324,0.36094770822091243
2024-12-26,-1.390923202176955,0.2584442875353417
2024-12-27,-0.04960173188734405,0.25852834297450067
2024-12-28,0.5791813292415673,0.3053492717015212
2024-12-29,-0.4473661782430292,0.03167565467846907
2024-12-30,0.031046866307273616,0.008845576894680452
2024-12-31,-0.2379764628421829,-0.25394251347376345
2025-01-01,0.15551840416909266,-0.2711108614557758
2025-01-02,0.8277694292109304,-0.1896857555724493
2025-01-03,1.2775347013286884,-0.02090845627574298
2025-01-04,0.39992710047427865,-0.04165097883904626
2025-01-05,-0.2187127700098262,-0.052583772287934406
2025-01-06,0.4111187236444078,-0.06378418143497505
2025-01-07,-2.4731494493760415,0.08068939554955436
2025-01-08,-0.5089384275673927,-0.10383280536547414
2025-01-09,-0.9728059293975156,-0.06295954485488806
2025-01-10,0.4090339538678245,-0.1406574129557966
2025-01-11,0.10308491435429255,-0.16236778942468058
2025-01-12,-0.17476112681163347,-0.2996183649118374
2025-01-13,-1.2019837792641497,-0.24795510564972714
2025-01-14,0.7964934735096847,-0.1710220128359907
2025-01-15,2.0368480724513898,0.037820371831349786
2025-01-16,-1.239151080643473,0.1573530008320037
2025-01-17,1.4418179873238908,0.2860393858652544
2025-01-18,-1.4517312525526782,0.41995100755985837
2025-01-19,-0.8892012569618037,0.4674059601965668
2025-01-20,0.6027089244309766,0.4943410293650396
2025-01-21,0.41294512764681457,0.5051155931312281
2025-01-22,-0.7985221549001235,0.4885135278081409
2025-01-23,0.8269330099172828,0.41682173557685115
2025-01-24,-0.2507644763351144,0.3974147279189343
2025-01-25,0.039186465135999236,0.3995908893137802
2025-01-26,-0.7473579622847956,0.3988048443692995
2025-01-27,-0.5483323280867907,0.011290500492891264
2025-01-28,-0.969540849515489,0.05651037081422183
2025-01-29,0.3131578408699825,0.009154160950668474
2025-01-30,1.241933592150687,0.12207648518245452
2025-01-31,0.4271375034718431,0.13589882672330222
2025-02-01,-1.6309967116253725,0.32019936348888783
2025-02-02,-2.379666104215318,0.590401119098902
2025-02-03,0.13321099442388157,0.536214011361218
2025-02-04,-1.551077432598976,0.2859521771925977
2025-02-05,0.5367697198990931,0.2744701901545737
2025-02-06,-1.0758797998615652,0.08294298254842357
2025-02-07,-0.7521151018327564,0.00243436525106464
2025-02-08,0.08380293985668974,-0.009098231817505176
2025-02-09,-0.0692628910637296,-0.07324203420066387
2025-02-10,0.33313245381120427,-0.08261422359997993
2025-02-11,-0.6734022475269174,-0.09082729623440591
2025-02-12,1.4836660734415166,0.06474245473995978
2025-02-13,-0.683627176321434,0.07509465317469675
2025-02-14,0.5214250589890684,0.11917049454970882
2025-02-15,-0.3796219251317585,0.10380789869760693
2025-02-16,-0.35891571061200855,0.09866331271878419
2025-02-17,0.8513814024165596,0.14538226907061944
2025-02-18,-0.8197785909379989,0.15284742363053272
2025-02-19,0.48145746083421137,0.02116193784059891
2025-02-20,0.23686571798762196,0.0026035755067961427
2025-02-21,-0.8941958810075988,-0.11723002851426093
2025-02-22,1.122941063044364,-0.4075521995187074
2025-02-23,0.5792010520973798,-0.3725439455015005
2025-02-24,-3.2291653884846534,0.25729438193664
2025-02-25,-0.2655146782038841,0.22308192765396961
2025-02-26,-1.9383310437003498,0.38511114050696194
2025-02-27,-0.35627350361645244,0.36595843733560673
2025-02-28,-0.8898689131956353,0.3904718470137601
2025-03-01,-0.30819906179050893,0.38831942986724133
2025-03-02,3.9847691336423328,1.4033679243755932
2025-03-03,-4.388616516154832,2.234779097985586
2025-03-04,0.305202595430954,2.112013889683783
2025-03-05,0.9443929622869291,2.171174184519215
2025-03-06,-0.5465383945630795,2.147268207144705
2025-03-07,-0.8755991901660042,2.1613368953067122
2025-03-08,0.828948335510032,2.2157735454292107
2025-03-09,-2.509838009833568,2.3560396001733857
2025-03-10,-2.277805747000862,2.488184112091758
2025-03-11,0.8966569291124363,2.5283579736328496
2025-03-12,-0.19536990543119956,2.5102763892601554
2025-03-13,-0.7369351293093042,2.5061596270395192
2025-03-14,0.7035504931104853,2.457130470001589
2025-03-15,0.40015871608799713,2.442143572356552
2025-03-16,-0.7863646249516846,2.1176819994791374
2025-03-17,0.5862503997813605,2.158340838109222
2025-03-18,0.05516419049891635,2.0458004926217446
2025-03-19,1.8729370370259688,2.2351800802777615
2025-03-20,-1.108624531019142,2.2512156148883564
2025-03-21,-0.28480569228243,2.2509340311669677
2025-03-22,0.19773251774936632,1.412584821780431
2025-03-23,0.3453257551531923,0.40124219509954406
2025-03-24,1.0275552245998825,0.4762923380594451
2025-03-25,-0.1665486870705374,0.4016657918224553
2025-03-26,-0.8609577059975383,0.42632008703294555
2025-03-27,-0.12908696125022984,0.3873645843386302
2025-03-28,-1.59604175637218,0.45949625593395493
2025-03-29,-1.085361162529552,0.1306806120230281
2025-03-30,-0.3683009875924461,-0.24819653648453102
2025-03-31,0.2513321913479741,-0.323570654182052
2025-04-01,1.2912311999940733,-0.16526018614208468
2025-04-02,-1.7269025065164691,0.0276913385867965
2025-04-03,0.3031221323742427,-0.009463619987930461
2025-04-04,-0.03413606458879992,-0.02925425411176421
2025-04-05,-0.18066727754494566,-0.06750543542970501
2025-04-06,-3.756158300614147,0.7857601885219633
2025-04-07,-0.42936267275767986,0.7784245525240717
2025-04-08,-1.5902546434501532,0.5344984071377594
2025-04-09,3.8684276424041735,1.5358710132582631
2025-04-10,-2.5906638062094416,1.7925525830892628
2025-04-11,0.8314106392644518,1.8442192909805966
2025-04-12,1.4016882689674628,1.959891198550215
2025-04-13,-0.8660584076374885,1.8888722888197975
2025-04-14,0.4503881107215506,1.9174600123950676
2025-04-15,-0.6468898287145753,1.909146079422854
2025-04-16,-0.223808503549664,1.9077728785119972
2025-04-17,0.05340823297466788,1.8339553825219082
2025-04-18,0.0890446312048192,1.8033299099698519
2025-04-19,0.4141868627713505,1.8179690578342882
2025-04-20,-0.49176768501648127,1.8142417021666846
2025-04-21,-0.17313542813932192,1.703483512189637
2025-04-22,3.2714877609450665,2.1265225219282478
2025-04-23,0.6185318260105082,2.1395910113873393
2025-04-24,-0.45872030130001784,2.148465610015569
2025-04-25,0.24949477026348987,2.1501398623591403
2025-04-26,0.5499637342444748,1.4484634359488582
2025-04-27,-0.4968568962968664,1.453188299187408
2025-04-28,0.06878854289755384,1.275483836954097
2025-04-29,-0.023966657175979105,0.46866339850781713
2025-04-30,-0.1173778851162232,-0.09130202353012828
2025-05-01,0.7146030899699548,-0.10197908674159661
2025-05-02,0.026401181640902584,-0.22602234495965257
2025-05-03,-0.17055066685123746,-0.31090669286403005
2025-05-04,-0.4334388933550716,-0.2862895835708196
2025-05-05,0.15099502627302194,-0.3455021445675269
2025-05-06,-0.1036330780981445,-0.3531943285051833
2025-05-07,-0.08555724537853948,-0.34808688689028294
2025-05-08,6.370915664045219,1.8991126414049153
2025-05-09,1.820205703224279,1.9754462071158618
2025-05-10,2.93636886099368,2.151721782116624
2025-05-11,-0.8499401962837968,2.2246144149800626
2025-05-12,-0.19112881185176753,1.9379465521328918
2025-05-13,2.131625708680982,2.0495190150266667
2025-05-14,-0.7968144422437774,2.0866582799746243
2025-05-15,-0.7402510604544194,2.1576442138691427
2025-05-16,-0.15098062731895545,2.177424944179283
2025-05-17,-0.730101797104053,2.200098393698888
2025-05-18,0.23733126089094536,2.1950555919755965
2025-05-19,0.3342855924355808,2.183971738751504
2025-05-20,-0.0872220576619178,2.182331531703909
2025-05-21,0.2984576929093607,2.1824125591577697
2025-05-22,1.2569211390135675,2.1945352662943045
2025-05-23,-1.5469356546780821,2.3583230223406364
2025-05-24,0.019606978974316763,2.3310752008374642
2025-05-25,0.21575205202686662,2.329247138958216
2025-05-26,0.11312688065169223,2.319694745714549
2025-05-27,1.1035445193138684,2.314775808387948
2025-05-28,0.18179899709103073,0.47080504819539
2025-05-29,-0.5717288804895602,0.33599749468776846
2025-05-30,-1.1747211545622434,-0.1921154811271199
2025-05-31,-0.03918875754209461,-0.25116252401152517
2025-06-01,0.05408817125518556,-0.2541013821044216
2025-06-02,0.7906992143248879,-0.6379870613614411
2025-06-03,-0.18485628994711695,-0.6961118378842659
2025-06-04,0.1446797927933952,-0.7523603377627979
2025-06-05,-2.194231522378684,-0.2908213151387256
2025-06-06,0.7108534735562949,-0.2796468350315068
2025-06-07,0.5551863712829432,-0.2567381363588575
2025-06-08,-0.2119125690416206,-0.2640817266072285
2025-06-09,1.9672015542762993,0.04975353716487286
2025-06-10,1.416035480840168,0.17903433315661543
2025-06-11,-0.4465468264470952,0.09686052633903541
2025-06-12,-1.317914438642233,0.04396262759976988
2025-06-13,-0.8298463805493396,0.10216772095013087
2025-06-14,-0.5533116402595433,0.1214725845233054
2025-06-15,0.12596054124563633,0.12175420798365273
2025-06-16,-0.10109771525935132,0.017606785407530117
2025-06-17,-0.3741357183093931,0.01745911405063594
2025-06-18,0.10783795935776813,0.002611202586235853
