Date,daily_returns,realized_volatility,volume_ratio,rsi
2023-07-09,-0.0013560608539179286,-0.8447113635413054,-0.9545065431822823,-0.33656139398796364
2023-07-10,0.009418432035694924,-0.840311524010572,-0.33373868265753776,0.07258675183820516
2023-07-11,-0.0011806808443571848,-1.1621623630091888,-0.7079870288558573,-0.16911349219113325
2023-07-12,-0.0033126606963430616,-1.1720068039825704,-0.18737787059971384,0.32634469842293706
2023-07-13,0.07178928293005193,-0.6621078559913792,1.3279022876195858,0.965845409441761
2023-07-14,-0.03347323429785665,-0.5575520387808328,1.0307957115965398,-0.03722082146181531
2023-07-15,-0.004063477540406812,-0.5663907461407665,-0.9205862367513402,-0.03192377009788339
2023-07-16,-0.0040304440984128,-0.6111281643652987,-0.8931379605940373,-0.17830351372213796
2023-07-17,-0.0062566304215256885,-0.6256953983640958,-0.0962798796033184,-0.3963966933187888
2023-07-18,-0.007348051957174251,-0.726389728118992,-0.36612081127218593,-0.3658142343771247
2023-07-19,-0.004527462068031229,-0.7355266944165858,-0.30240022465074334,-0.24565065332077687
2023-07-20,0.0010382072011101418,-0.9258284695665757,0.2585678122707031,0.30658364992398524
2023-07-21,0.0005875092853386832,-0.927067063778661,-0.6842688282357349,0.1301225566336015
2023-07-22,-0.014358654754347167,-0.9152544736124109,-0.8586078307775751,-0.08612013645406147
2023-07-23,0.013019001578937539,-0.9052031969140252,-0.6781935479678398,0.1423776902551322
2023-07-24,-0.020744097184215993,-0.8742575450215987,-0.002986668333885025,-0.32450958751715386
2023-07-25,0.00418370782813593,-0.8851668594488329,-0.7799849976588221,-0.24241145343369902
2023-07-26,0.007761018047494739,-0.9892431390759908,-0.12024006089471329,-0.08005465004648052
2023-07-27,-0.006304340937255626,-0.9989826883815731,-0.6595157963388875,-1.7665829592080398
2023-07-28,0.007733834924120275,-0.9935726120609328,-0.844213128167861,-1.0301694829298476
2023-07-29,0.0033732454481110175,-0.9930912510170865,-1.338095347059839,-0.8273832079864611
2023-07-30,-0.010326601736203367,-0.9903697965781744,-0.7058804690480531,-0.9470507338983041
2023-07-31,-0.002944411447533879,-0.9897113621913998,-0.5398307095256258,-0.8814189772151146
2023-08-01,0.008420470716144157,-0.9828309742495985,0.7485678852929311,-0.44999666091898965
2023-08-02,-0.017471166978973995,-1.7151936803050318,0.3825548219975236,-0.7175186774735429
2023-08-03,-0.0021495672689105794,-1.910981168726109,-0.2337955138806297,-0.7866566637279667
2023-08-04,-0.00404524899760117,-1.9109932054857046,-0.17687633732584757,-0.8722590600064408
2023-08-05,0.0039803978247232585,-1.9011713597801407,-1.0427826755799328,-0.483408905959586
2023-08-06,-0.004101323417211589,-1.904244642827774,-0.9480910583424591,-0.9837963043630867
2023-08-07,-0.00028629506333388566,-1.9104429941443306,0.39317539892009673,-0.5023396519417237
2023-08-08,0.015801585470487156,-1.8432660677186201,0.38724469586780685,-0.11154646459683934
2023-08-09,-0.000813535740253668,-1.844105985235458,0.45702716972259,-0.390694002048342
2023-08-10,-0.0019113379853046286,-1.8444856230702085,-0.5280683453948418,-0.25614873150049244
2023-08-11,-0.0019608383726750223,-1.8873300161439865,-0.7105811985393822,-0.62364727003189
2023-08-12,0.0009558116061818556,-1.933424500942734,-1.1974787947256704,-0.7340203161706406
2023-08-13,-0.005197573554549306,-2.038936832891971,-0.7633002404600587,-0.5690988650452189
2023-08-14,0.0026671519533285615,-2.042331572745982,-0.23325710450444634,-0.34329019045929265
2023-08-15,-0.009355376145865901,-2.0420396735877415,0.006931637512852206,-1.0528054228886283
2023-08-16,-0.011644479943617059,-2.0179535146972176,0.24357858488965747,-0.8746315896767144
2023-08-17,-0.06685956876976196,-1.2972197556256846,4.240636286571573,-1.8819257677220291
2023-08-18,-0.014237003254733094,-1.2981799630761972,1.8268758370395586,-1.9493295983885932
2023-08-19,0.005133737190461396,-1.285325119165302,-0.2485085667833741,-1.9261462583396651
2023-08-20,0.009212569995102449,-1.259112264607974,-0.5713823637752811,-1.6229472766913262
2023-08-21,-0.010435935786971329,-1.2798562287519468,-0.10062460896874345,-1.7017051504905756
2023-08-22,-0.020018643652328416,-1.2710229368536572,0.8273472086978346,-2.29785955329254
2023-08-23,0.027775287399602888,-1.1362637641811777,0.7313237752201679,-1.594620677003975
2023-08-24,-0.011510825045927042,-1.130285929561673,-0.16257255664399062,-1.655157180234588
2023-08-25,-0.004222744282248891,-1.139630606823198,-0.09138824228515074,-1.667403174756292
2023-08-26,-0.004010015919243992,-1.1396086869887654,-1.3207047531391505,-1.7130621181527053
2023-08-27,0.006806932390764242,-1.1257260272046004,-1.2036189632462448,-1.5386684802460888
2023-08-28,-0.0030501503607176517,-1.1787823347591597,-0.22535386007039682,-1.6179305749501989
2023-08-29,0.046759638502996026,-0.8843731501972794,2.3299520778772047,-0.7465879917110428
2023-08-30,-0.014229727451396501,-0.8729234392598924,-0.28347250767607396,-0.7639454081995908
2023-08-31,-0.03487924317662894,-0.7823590318433732,0.28022741126028305,-0.39365384989703756
2023-09-01,-0.01042023648557433,-0.7847393399706526,0.008760051740891424,-0.34420916668550555
2023-09-02,0.0052405439035725365,-0.7728274075759404,-1.2019750879747533,-0.3441440810989249
2023-09-03,-0.0005544903878390572,-0.7770325829675243,-1.1124475338896835,-0.4937255641718565
2023-09-04,-0.003949839574139524,-0.7781532413670468,-0.8200696531530038,-0.41041533181093487
2023-09-05,0.0024386268424532176,-0.7767805189690576,-0.6059539685932048,-0.08295030631348234
2023-09-06,-0.0008429544668591138,-1.2266989984629835,-0.21537607716628454,-0.6145884425101776
2023-09-07,0.009401700388986578,-1.2361897704981257,-0.15285642148913692,-0.2229463706655635
2023-09-08,-0.006955851709160243,-1.2351247527506313,-0.2844880409238413,-0.270871762153212
2023-09-09,-0.0005961990834902897,-1.2489344834735994,-1.3861101762543329,-0.20970479502539952
2023-09-10,-0.011212034116571123,-1.2470249236113373,-0.34600198985937813,-0.5390131194893255
2023-09-11,-0.04032038506124014,-1.1048299603033753,1.1728244940910053,-0.9971735224183997
2023-09-12,0.02628947992827646,-1.1152229208944886,0.7838762624938841,-1.4947038389823155
2023-09-13,0.009770657090104162,-1.1097175510435924,-0.05194627743890926,-1.1149994145983728
2023-09-14,0.011807198586281986,-1.0915065085735458,0.20055796254964506,-0.3150018289608195
2023-09-15,0.009014288078772026,-1.0829760347088138,-0.38142915710796993,0.0867014815741352
2023-09-16,-0.003909931338625383,-1.087205307824432,-1.0695374805163222,-0.103552631123808
2023-09-17,-0.007537174515831024,-1.0823131200854363,-0.9492905646408637,-0.2416921989567453
2023-09-18,0.008904027674040194,-1.368867537554436,0.5194125621132243,0.010297674885620505
2023-09-19,0.0037851668963293505,-1.3846125124947413,-0.1945396459506596,0.035444998548238245
2023-09-20,-0.012566772911124402,-1.5394091975345023,0.20850904973001722,-0.18172760807758256
2023-09-21,-0.02377462631781635,-1.470563575675728,0.25149006941570695,-0.7094567969285663
2023-09-22,0.005656292418244391,-1.4696987389640546,-0.6193996946635723,-0.5102612064167537
2023-09-23,0.00036998008129596194,-1.469371844710897,-1.2798528649061127,-0.49513703956260924
2023-09-24,-0.008159068286052618,-1.4632153826148069,-0.7731269430759573,-0.4485940345033424
2023-09-25,0.0047249684583838825,-1.4597382093197055,-0.1119069959812554,0.39415039604433355
2023-09-26,0.0032073833529786544,-1.4567718192502417,-0.512014114857163,-0.06513828605646184
2023-09-27,0.0025567531946391053,-1.4720790601316462,0.4885131055724599,-0.25356757383981865
2023-09-28,0.03467404334555346,-1.3003717880009156,0.9852005906340873,0.2721156566468625
2023-09-29,0.009112054541902781,-1.2915149164405584,0.32262937132301817,0.27681318985384307
2023-09-30,0.001929332083119517,-1.3132109272030368,-0.7978243345042795,0.4153057112237258
2023-10-01,0.037488026069531166,-1.4273591272978379,0.19697165376647185,1.1479655788414362
2023-10-02,-0.04047897066718298,-1.2230900526833792,1.807205519677007,0.1585115792706622
2023-10-03,-0.00417274556135816,-1.2260164431664269,0.005586190833415069,0.03877258075196302
2023-10-04,-0.005340502634588518,-1.2349780505923622,0.20649035497684792,0.15475421401769643
2023-10-05,-0.022066302247040315,-1.183566224372833,0.3127862908679895,0.1776093881537305
2023-10-06,0.021319022529365572,-1.1289360458837607,0.03235942220649245,0.37955040287455066
2023-10-07,-0.006878172039150754,-1.1301561671661662,-1.0917928564383055,0.26390219800618553
2023-10-08,-0.0005889506700414993,-1.1390364340617507,-0.6925723899176129,0.38258279939903084
2023-10-09,-0.032898895010697204,-1.0222236574507881,1.0428846121062005,-0.14583172916567622
2023-10-10,-0.007655131722261288,-1.031552770558983,0.19154071151400925,-0.27418722078455854
2023-10-11,-0.000930177871406368,-1.0913079522131053,0.26292975904571614,-0.3175464934273175
2023-10-12,-0.01701021740023334,-1.0665170474921362,0.026898542736162896,-1.0122201973798375
2023-10-13,0.008104020573232784,-1.0565858467710845,-0.2292060345571222,-1.0406952335729676
2023-10-14,0.002040706057397923,-1.061647191647252,-1.2077946887513926,-1.0412577727731094
2023-10-15,0.0018086969407560272,-1.064320870118403,-0.9586265655890406,-1.8471149355595198
2023-10-16,0.027254540765113022,-0.9810874600268944,1.6071537187352092,-0.7839934622289233
2023-10-17,-0.02192688186935865,-0.9310024999907892,-0.07990020292400558,-0.996284627473911
2023-10-18,-0.0010793755903444335,-1.0778493754183738,-0.33820447298421,-0.9464358578006646
2023-10-19,0.0023706817647977108,-1.0912344359003336,-0.014899857785712343,-0.5949434449012667
2023-10-20,0.023738984945261166,-1.0152695961312588,0.6638593643066302,-0.5559648719284188
2023-10-21,0.015353699699918621,-1.1646454390625056,-0.4460817797112367,-0.1374580677384702
2023-10-22,0.020944819993793384,-1.2966807124183601,0.09362778459349215,0.20971814347144233
2023-10-23,0.061290684296216424,-0.8855036253300967,3.7128678490887808,1.4655657552427712
2023-10-24,0.010793585817743923,-0.889078935536764,3.748484301991924,1.6887812119548786
2023-10-25,0.0016588325496480483,-0.9644974537375304,1.1615986391240125,1.717058612534145
2023-10-26,0.009310588640725426,-0.9913337278025873,1.610922615307514,2.1324681997456305
2023-10-27,-0.013300163952285393,-0.9706525737845239,0.21005883511007592,1.76439662687568
2023-10-28,-0.0019253015900076997,-0.96900006924337,-0.9078112783694345,1.7096981958951922
2023-10-29,0.01065386858481232,-1.1343238277074077,-0.8335989187641681,1.7554343330191267
2023-10-30,0.008099264721129096,-1.1601631774804733,0.21381409772011595,1.673419839848222
2023-10-31,0.0035193643267046326,-1.1669206000555914,-0.16014947014173994,2.2155970980589035
2023-11-01,0.01686288408831138,-1.239677712059529,1.0890928298125682,2.289435921217654
2023-11-02,-0.02515781959835861,-1.1003117278083354,0.4780040019962604,1.6508556288274099
2023-11-03,0.01786838809609348,-1.0930779878996566,-0.03501210295278358,1.6361565323935294
2023-11-04,0.013587684453004512,-1.0958532639113943,-0.8902478594232981,1.636942447456561
2023-11-05,0.019625953467631962,-1.1223219427590558,0.30584726869334944,1.6437932992381659
2023-11-06,0.002998529349214518,-1.2381933617279626,0.03133331720832747,1.2670910408985356
2023-11-07,-0.006165335386688842,-1.2207230431436915,0.2707183021005442,0.9864886197314707
2023-11-08,0.0006345557534326307,-1.2171504426403714,-0.44267806328680986,0.9751242662136662
2023-11-09,0.12239237144858772,-0.10938113712007046,3.8921092720581654,1.7552370134300364
2023-11-10,-0.019933988946118864,-0.03017044068653274,1.1762287914536467,1.58676347137279
2023-11-11,-0.012306237463546976,0.004534181833982966,0.04052647674516235,1.3982298187588822
2023-11-12,-0.003666782589169526,-0.1749912564426833,-0.42514778803137726,1.2860478185918076
2023-11-13,0.004927847225156823,-0.17519019624990328,1.1310521857209048,1.2733067601461876
2023-11-14,-0.03708171667973137,-0.040366645644310445,0.7723383158871716,0.7096245635558294
2023-11-15,0.04110847506282078,0.04227681156682416,0.6406768433146756,0.8730166002071882
2023-11-16,-0.04830442993030459,0.21284688526482903,0.9939455379065202,0.5804665897867579
2023-11-17,0.0002035665608492998,0.21113540827607113,0.26580068558491005,0.4751713826674435
2023-11-18,0.0010219202166552588,0.2104157191214296,-0.5995053726167355,0.3927162433733339
2023-11-19,0.025426483024461932,0.23534228686036143,-0.6758044624336743,0.44189367806656354
2023-11-20,0.004487705105652884,0.23510958498642764,0.34841542144597365,0.45383308323180455
2023-11-21,-0.04211784935612506,0.359907221526843,0.47340556663863514,0.11145916661044496
2023-11-22,0.06574813130783852,0.5214903609841052,0.3623484552237845,0.5038785659341539
2023-11-23,-0.0010727438851469984,0.5185480749175885,-0.7558933882751875,-0.34719416446576634
2023-11-24,0.009185000500188556,0.5160505051296638,0.03552490276880961,-0.06680989028007467
2023-11-25,0.0015669139841998359,0.5062623612919264,-1.2700344463746958,0.07606812121095781
2023-11-26,-0.010135684364837805,0.5194433899408958,-0.7367989567206049,0.006862248461360782
2023-11-27,-0.017384294811873313,0.5404290803030117,-0.2503368544197682,-0.20903430899365968
2023-11-28,0.010812167645888104,0.5418660924752957,-0.40741030606664513,0.275806356606337
2023-11-29,-0.009470831200383945,-0.4386838425613022,-0.46925689289096295,-0.2541686262722755
2023-11-30,0.011146671092621574,-0.455799288896896,-0.5906108376642688,0.5380776426827001
2023-12-01,0.016849107974407973,-0.4468987075713954,-0.005205746612315071,0.7046916730769779
2023-12-02,0.03764204271297267,-0.3478305209238151,-0.3878117121170137,0.9998713162231415
2023-12-03,0.012923071442646705,-0.3408682483650283,-0.5176957473556906,0.9244039868625438
2023-12-04,0.022575720663866372,-0.46071386770856737,1.155284430955055,1.0590145511142701
2023-12-05,0.02256848231190145,-0.5416712679394572,0.9468357342268005,1.8828734650571348
2023-12-06,-0.027107545082919904,-0.7096362269601589,0.41837913811599836,0.9735061491197591
2023-12-07,0.05642353010676748,-0.506845356458692,0.8004541079735418,1.3788168263965752
2023-12-08,0.0004887825441670657,-0.5060472892772256,0.2743311294676302,1.3349071598388642
2023-12-09,-0.007443253883560597,-0.5076471460335442,-0.1555084327123122,1.1958735625219141
2023-12-10,0.004821233826242777,-0.5078312706105718,-0.7820722815373564,1.3822868274589104
2023-12-11,-0.054361666168691425,-0.39428926958084454,1.376199732578971,0.7759511020274346
2023-12-12,-0.010132601687358522,-0.6889362799275504,0.03759697454698317,0.582203857491229
2023-12-13,0.02661652224701272,-0.6451521043182866,0.22840265290859363,0.8639609342394092
2023-12-14,0.02474087211166509,-0.6122792636266091,0.22960926498271317,0.950590133042547
2023-12-15,-0.041976420815141524,-0.4273342919506667,-0.29233214577037586,0.394716992291464
2023-12-16,0.0034195392373013167,-0.44337701422044445,-0.9595284364952523,0.1614386412571923
2023-12-17,-0.013671449108484612,-0.45556458324539745,-0.8299331797353406,-0.06942761230135476
2023-12-18,0.009466157195896718,-0.45687088963512706,-0.23520985770189112,-0.18679397740429157
2023-12-19,-0.017769968394459656,-0.43255915588626104,-0.20002085379266785,-0.5638432336497788
2023-12-20,0.011037752537226941,-0.4326889299603137,0.1580257360965213,-0.2118129643839262
2023-12-21,0.017090198956007274,-0.43216846510961965,0.13229813348678213,-0.685141611247848
2023-12-22,0.03883937127050796,-0.4254074612189745,0.7275957178929867,-0.22321338706495938
2023-12-23,-0.007512713750621014,-0.4230222141921167,-0.8139764969153305,-0.22288443433370458
2023-12-24,-0.018775823775668332,-0.4232128476107665,-0.48612496742454575,-0.44677310249739394
2023-12-25,0.003032022219169095,-0.4634706657342888,-0.7110993010135799,0.1668493004186885
2023-12-26,-0.0180837485401647,-0.4979305417129038,-0.15985942683884388,0.06627228747944404
2023-12-27,0.06599907965814755,-0.40151769775090146,0.5589641069991069,0.428679863686509
2023-12-28,-0.013105185204343561,-0.3866418237797469,0.8208195751110042,0.05841307909581356
2023-12-29,-0.019967696347748753,-0.359514430506015,0.17067980188618057,0.3156494851619486
2023-12-30,-0.003748980355657072,-0.3612438252790142,-0.9538143750475593,0.23614723247184918
2023-12-31,-0.004622136062972015,-0.6113718970478578,-0.8863436569040429,0.34720202014350593
2024-01-01,0.031057455259582145,-0.5539644106120273,-0.8480934920886287,0.5435286316893921
2024-01-02,0.001491520357524756,-0.6030423100854584,0.4370056122613499,0.7929662227061177
2024-01-03,-0.06158087263741796,-0.334103588359908,1.686542504557211,-0.04451272369566341
2024-01-04,0.02636019798833411,-0.41691859320955243,-0.044295618938673884,0.035781167396688275
2024-01-05,-0.00017226204489362296,-0.4170746763040123,-0.12258432369185626,-0.339669780622852
2024-01-06,-0.011911266210730354,-0.42113865778063514,-1.1092816913598478,-0.37792466387273654
2024-01-07,-0.008368389496710593,-0.42008276651672233,-0.9793323341788258,-0.27693165960339794
2024-01-08,0.04956067963271038,-0.2733160077501719,0.5081166266486743,0.15725345907498606
2024-01-09,0.005055408575588727,-0.27733204335417244,0.6952690437173017,0.3840348417285249
2024-01-10,0.10119141078079541,0.3359797940700833,3.1670698392234113,0.6566829925121326
2024-01-11,0.014529094117638142,0.27726738829549086,1.8308891979802904,0.8976998898842027
2024-01-12,-0.036325484903951155,0.37525801170926615,1.7641670645507528,0.6775872198051234
2024-01-13,0.020653007406344237,0.3507547441826245,-0.230142252714252,0.8356786605425827
2024-01-14,-0.04050173658734413,0.47885970751634066,-0.7264234599268249,0.474567934224508
2024-01-15,0.01582473361444947,0.45162358399383296,-0.6700258636496824,0.3978586830809744
2024-01-16,0.030392806292802277,0.26796721814798585,-0.41421166013630184,0.5667435638245302
2024-01-17,-0.022924597112815248,0.29555864807298826,-0.4852549166656585,0.8880479062797757
2024-01-18,-0.024264882460276693,0.30954033916359847,-0.22202641909835288,0.5212845809422566
2024-01-19,0.009112105809166549,0.3068021932888308,-0.3447849387889358,0.5752311977030348
2024-01-20,-0.007997363142403069,0.3113642771788065,-1.403056325517577,0.6014379743017575
2024-01-21,-0.006347624922185768,0.27081699286537414,-1.5218446694200527,0.6129187489705484
2024-01-22,-0.05830959162402838,0.48432751639799837,0.12111655182833363,-0.1447976572600605
2024-01-23,-0.030352942295125973,0.31053501810302314,0.5542148287176917,-0.36532995428177445
2024-01-24,-0.0031795028247356694,0.26992832397683875,-0.5177244548011177,-1.3070567358863618
2024-01-25,-0.007096988643921831,0.27273681685255113,-0.6564137563601843,-1.5340589236851
2024-01-26,0.022315585616102362,0.2936560130559391,-0.5633427386105538,-1.068592887546372
2024-01-27,0.0003026990938410634,0.28784410849196806,-1.4148136802043971,-1.3553055540329384
2024-01-28,-0.004708017139361198,0.1340646024191792,-0.9971291729952981,-1.1091380167993592
2024-01-29,0.02651747163790663,0.17980291504754878,-0.6548461527510028,-0.9784589470154914
2024-01-30,0.011838016077853064,-0.6079672847171071,-0.26420569096530544,-1.3020778501359445
2024-01-31,-0.02642328277923489,-0.6050605501866606,-0.013121202817908894,-1.3095410460087227
2024-02-01,0.009323048929214206,-0.6719386709928206,-0.2805402457009444,-0.9585879855411772
2024-02-02,0.0018288626271742991,-0.7283672932038711,-0.6309150741165186,-1.0920378201332823
2024-02-03,-0.005199115184661651,-0.85680191811929,-1.203639916926109,-1.0632643049254615
2024-02-04,-0.002827560592065126,-0.8968871991510251,-0.9810644562928164,-1.0286908630877334
2024-02-05,0.0040806224708709316,-1.023705316574659,-0.48615772138487434,-0.17511569569792237
2024-02-06,0.03189061801573012,-0.9184168323156483,0.09531859167801228,0.9537689611086342
2024-02-07,0.021728004179265792,-0.9130246412535131,0.16230674200785677,1.25072404645903
2024-02-08,-0.0015837568973957605,-0.9236441946181623,0.2564436339927678,1.3781625643921152
2024-02-09,0.02793873689875137,-0.8471556878261204,1.0556312029488206,1.4386734833760808
2024-02-10,0.005512587075457986,-0.8502841489815363,-0.739590105691375,1.4789741837052157
2024-02-11,0.002535668266889557,-1.279159463658661,-0.4582378017169128,1.6100259092189426
2024-02-12,0.060036360595147054,-1.090725714743361,1.0487949579656304,1.8125627169880603
2024-02-13,-0.005993216346274366,-1.0820105875582025,2.2002531007733226,1.6100399590470995
2024-02-14,0.05136545149773286,-0.9254110034571675,2.657225525610374,2.3696517132990387
2024-02-15,0.016730812227639058,-0.9350655386560058,2.825153667021483,2.3856234909272356
2024-02-16,-0.007324619212465078,-0.9115639863978364,1.1744390606964104,2.204613252684289
2024-02-17,-0.006070139812886177,-0.9069283338266793,1.184939437478808,2.1631220363192334
2024-02-18,0.03313106792926823,-0.8809775562562837,1.9800262265851976,2.2865463317428256
2024-02-19,0.022430254937596983,-0.8684602938884182,0.4119465739896308,2.320108862805948
2024-02-20,0.02375647368863687,-1.0215892765608774,1.214118197919031,2.318193558039539
2024-02-21,-0.014318281375232278,-0.9384798635670822,0.84048781245692,1.9869775051070686
2024-02-22,0.0002194536901753974,-0.9343910068039587,0.5825897128481486,2.012881289496045
2024-02-23,-0.01661023205546175,-0.8781649124655034,-0.32080535937366655,1.610081680835692
2024-02-24,0.02420809632265497,-0.891126505972381,-0.6833761352346198,1.692905388891708
2024-02-25,0.04020580227502868,-0.8353182978417979,-0.13460832528857972,1.826919316000526
2024-02-26,0.021298694046122835,-0.8597232310913551,0.23101022739101723,1.7314733526392618
2024-02-27,0.0206120684504405,-0.8611441101130944,0.6461621650627635,1.8943756144348116
2024-02-28,0.04351478842287437,-0.8162713199223767,2.0021890318572755,1.8997521495107772
2024-02-29,-0.012932076026531347,-0.7472805104993151,1.2652094951377946,1.6109359085607573
2024-03-01,0.02786849665007196,-0.7429244791643644,-0.2589634706284057,1.8235428206218127
2024-03-02,-0.003785719397915277,-0.7228115725565424,-0.8736055806656857,1.8438858178678346
2024-03-03,0.020146944548209422,-0.9235756122381625,-0.6800481671613803,1.820666451300398
2024-03-04,0.039942835603055116,-0.9051711744805114,0.8373757262503952,1.8911265952537542
2024-03-05,-0.02078793930730316,-0.9184095703150597,2.953217153009621,1.4650916573807313
2024-03-06,0.07433596350833915,-0.5707760520198035,1.435779708635867,1.900532870141008
2024-03-07,0.01443259270225794,-0.6190404991735005,0.059278103605149624,1.9369848988422844
2024-03-08,0.0045719642318817755,-0.6529983257636139,0.3983374875203307,2.1422706330882777
2024-03-09,0.006001424424042279,-0.6686019760250197,-1.0521217221918944,2.1181034260685982
2024-03-10,-0.00874129449649308,-0.6224150632937092,-0.640823065132948,1.893079790853554
2024-03-11,0.047730671374699885,-0.5338872874268296,0.6936187599246396,1.9764230104095772
2024-03-12,-0.021190960052674845,-0.49512432624391556,0.4437106506981858,1.5964676998741754
2024-03-13,0.006578402189656218,-0.5078927148227621,-0.08064712162176636,1.4788521629120972
2024-03-14,-0.030779476587110888,-0.4163332213557704,0.19568619777239213,1.1893911660456706
2024-03-15,-0.03809292261097419,-0.2207038392103815,0.8392379793226935,0.5932224217723047
2024-03-16,-0.05685343706857138,0.0217132729308564,-0.44188664482259554,0.11493128988870709
2024-03-17,0.03393634003909307,0.057075976589512724,-0.47562440917371424,0.2031654102778137
2024-03-18,-0.0341608641249429,0.14955594496594832,-0.36203561781443894,-0.29311522372049237
2024-03-19,-0.10243560798455653,0.6783014459484734,0.8399291541965765,-0.7117383145488372
2024-03-20,0.11267192037115104,1.3012450927840933,1.010640840402446,-0.5425785823127318
2024-03-21,-0.0058068810073729216,1.2753226769998045,-0.3248857387699553,-0.6675996458163488
2024-03-22,-0.04560653406668436,1.3734304117259568,-0.5040192304528007,-0.8786356178201633
2024-03-23,0.0008717090110383907,1.353798233816298,-1.1544048646460956,-0.9165151596049627
2024-03-24,0.035378137308897495,1.3375547211667547,-1.2190436073065127,-0.6712742443615428
2024-03-25,0.039438972943898865,1.3880627693723566,-0.5229059503974485,-0.7553529740310081
2024-03-26,-0.0009409678643157449,1.1280955691391643,-0.4668246835656642,-0.6620095611167758
2024-03-27,-0.024359450730277232,1.1350013632810345,-0.4262123401407412,-0.8069075728397174
2024-03-28,0.017479056214108946,1.1533740992332737,-0.6261906163510947,-0.557223162356965
2024-03-29,-0.013896014686989755,1.1533851224609535,-1.0135621051722712,-0.42938792354261635
2024-03-30,-0.0010996667352133338,1.152891716457726,-1.3436987181101356,-0.10674005248542638
2024-03-31,0.03988435846648297,1.116512584287298,-1.177869125199238,-0.07092104500291635
2024-04-01,-0.03915351882861429,1.1602664810193668,-0.5256054532054856,-0.10273877112339394
2024-04-02,-0.0649910010049034,1.3087284459598116,0.15962187158257618,0.14387882706861102
2024-04-03,0.010437847565395009,1.300068999170742,-0.4814960974035976,-0.5616709269540205
2024-04-04,0.00561647566373269,1.2575562547071129,-0.5736219496273823,-0.46932133791442116
2024-04-05,-0.0033498911937862585,1.1214054669888225,-0.45901117895403043,-0.12078628539532942
2024-04-06,0.010635674717235144,1.0648742264640814,-1.195308786574892,-0.03388385000933847
2024-04-07,0.02960803456678729,1.0604760347869244,-1.0308999947720021,-0.08348360210760195
2024-04-08,0.07001548335394525,0.6937882350190645,0.2778115056558813,0.1750181278150817
2024-04-09,-0.051451781685670994,0.1883156484945643,0.3181556548011931,-0.2538387512899249
2024-04-10,0.011004831112360725,0.19208347038358994,0.15661604620612554,0.014933198859322837
2024-04-11,-0.010861205883757163,0.05306540468584091,-0.2108835601738994,-0.20509370893029824
2024-04-12,-0.07480580700184813,0.4178426258265511,0.9033630142401925,-0.5926363063781922
2024-04-13,-0.07342952756850973,0.6128326637636319,1.811127651562539,-0.9084164847616227
2024-04-14,0.050597851556279494,0.6758490634323872,1.1234964104460046,-0.8827881018126554
2024-04-15,-0.01753011445356112,0.6816135758343564,0.6107683382606206,-0.7749064941028739
2024-04-16,-0.005377925568445963,0.6631290171695744,0.2720745596588722,-0.46028437339095074
2024-04-17,-0.03247819118850337,0.6670758808299542,0.0314465972648983,-0.6973338580386909
2024-04-18,0.027238683519387852,0.7284249038892939,-0.3204384585159518,-0.558907811029675
2024-04-19,-0.0022012272375354636,0.7279067936060709,0.2863134175517896,-0.5522540748242727
2024-04-20,0.032147655318233825,0.6923959390110691,-1.0566083044743426,-0.4237482963696792
2024-04-21,-0.0032741746890918577,0.6303034688063593,-1.1009632347945941,-0.6463772936343302
2024-04-22,0.017273130222613897,0.42915292530363863,-0.7042663162036052,-1.120166177050006
2024-04-23,0.0057031560320381924,0.4242653157074861,-0.8181275904654448,-0.7694185183058432
2024-04-24,-0.024878460883124842,0.45354654562376046,-0.41208332396505015,-1.022664686539087
2024-04-25,0.005320185415315981,0.45664508443869584,-0.40649277230674535,-0.9087969944717377
2024-04-26,-0.008346157799679732,0.44892382451657814,-0.8771261140210539,-0.41474443832688573
2024-04-27,0.03897667565831631,0.4893330207226751,-0.7222119658580255,0.7534359551377071
2024-04-28,0.0032613458524253236,0.15622485214043913,-0.7458158240232973,0.34886896719837457
2024-04-29,-0.01451087129353712,0.01697415331610882,-0.2156608894554093,0.3866571998246662
2024-04-30,-0.06317729070733402,0.21692001068124458,0.22855710286508388,-0.31498971140558213
2024-05-01,-0.014109611457047588,0.21894112059174106,0.4217493789100184,-0.13207292305238796
2024-05-02,0.0061902767768931,-0.09346239940723262,-0.4692911459515762,-0.3720256196047517
2024-05-03,0.03861011747338838,-0.3742442970999144,-0.409721561730516,0.06452881102026245
2024-05-04,0.004522066678476877,-0.581398355945255,-1.0195723806083927,-0.22573877893918293
2024-05-05,0.006310224609351378,-0.6062727171184257,-0.8734659347051039,-0.11640824135834678
2024-05-06,-0.02375337855399917,-0.5577029900634318,-0.12005792890175113,-0.5661340109661968
2024-05-07,-0.01833385054066039,-0.6221520310987448,-0.2895178508574098,-0.7929281975252286
2024-05-08,-0.010949302229649516,-0.6811366433798389,-0.2540866425664056,-0.6680722850730267
2024-05-09,0.0209719132026831,-0.6383259280570913,-0.3442970561451363,-0.4835595921261619
2024-05-10,-0.041577205332458456,-0.6015927606768446,-0.106279544206644,-0.7398513119667562
2024-05-11,0.0006223095933592937,-0.5999501904932172,-1.0869893180457346,-1.2479747492565123
2024-05-12,0.005873005038939505,-0.6315773643368362,-1.2218582719001014,-1.2167698986705913
2024-05-13,0.007053539594945368,-0.6290112388615199,0.15232309164660088,-1.0154637575563519
2024-05-14,-0.023124226599441355,-0.6353455709646285,-0.0016817164877883642,-0.6340629011833249
2024-05-15,0.05410973083044013,-0.3658809780773163,0.40673024194487334,0.16250831196035595
2024-05-16,-0.030267969283067964,-0.30640374992525743,0.07822533368665911,-0.22247848382548263
2024-05-17,0.050587747570991715,-0.22258031823082033,0.31131320205583024,-0.11034231816115378
2024-05-18,0.009317781735288744,-0.21509962882640551,-0.5971620291590983,-0.06362279184542732
2024-05-19,-0.0163646468279689,-0.21131861697606108,-0.6764493083511964,-0.27791496288616596
2024-05-20,0.19272223475749883,1.4980536779715299,3.2738780792627113,1.0888381849790962
2024-05-21,0.03424187347472718,1.489263834375184,3.9848044329796024,1.372824581464506
2024-05-22,-0.013747867811565229,1.5183872287842946,1.7102097082832326,1.319603196365841
2024-05-23,0.010625410415868064,1.4864585553479952,4.23685828453504,1.2983129135689098
2024-05-24,-0.013236335392203924,1.5096778994467803,0.7367810342606077,1.5204703937177113
2024-05-25,0.005984006837891798,1.5097895305682512,-0.9580140382743153,1.5376504426896958
2024-05-26,0.020447066274494885,1.4598485869472853,-0.329185865158357,1.584963711084307
2024-05-27,0.017279442451079374,1.4163850330048313,0.20326574717276355,1.6186529006947665
2024-05-28,-0.013296607756030476,1.4218805022651486,0.26166970346779206,1.6666195645638489
2024-05-29,-0.020066320442424512,1.4673733532092765,-0.09855994029975747,1.3130238180345453
2024-05-30,-0.0043438931992773044,1.3475957077458247,-0.41447059793832464,1.5412036214403895
2024-05-31,0.0035168216840502087,1.3444952399633596,-0.431124823366278,1.4113820080669677
2024-06-01,0.014141485892959826,1.3414218821394157,-1.2631393019340296,1.4366660171444874
2024-06-02,-0.00847135927884124,1.362101554289694,-0.950609811675954,1.5010989999900948
2024-06-03,-0.0038368778068711418,1.3136015770309224,-0.5916052225066484,0.33951955767963854
2024-06-04,0.01224693121792586,1.236664351381872,-0.6783776245611854,0.026951384230098872
2024-06-05,0.013572433260235606,1.1457476638742774,-0.42469033227871233,0.5077563585659334
2024-06-06,-0.0136261576231963,1.1114962487693003,-0.6516176622592046,0.07680955259128941
2024-06-07,-0.03488734358684775,1.2090694919955869,-0.13467532056446205,-0.27369786159016624
2024-06-08,0.0006308874002707299,1.1809289808350516,-1.2358021064663194,-0.36159838976383357
2024-06-09,0.006779189544245501,-1.287863998174239,-1.315713044094601,-0.6147376310412326
2024-06-10,-0.010574014146293997,-1.4441792151902124,-0.8875900911474984,-1.128018856056083
2024-06-11,-0.04592308012417712,-1.2007589654440667,0.3876791706190538,-1.4145645903914799
2024-06-12,0.01751895888957078,-1.171423592001357,0.33552207037674403,-0.892418447881883
2024-06-13,-0.025378125970065946,-1.1236073998674438,-0.018211330308074706,-1.0829381008354215
2024-06-14,0.003168011430681794,-1.1290498194629979,0.14253042008191433,-1.0936632655620204
2024-06-15,0.024503138996214258,-1.1039953479075415,-0.32355278018518224,-0.9419612680816516
2024-06-16,0.015429295002475696,-1.1126553363517977,-0.7231007260276585,-0.6230359181292662
2024-06-17,-0.03015678941117861,-1.0426914992558358,0.5941023000244258,-0.8556410474426168
2024-06-18,-0.007887929643914382,-1.0705953234651937,1.0718151764686359,-1.100267017817124
2024-06-19,0.021720130807989513,-1.0014822106624885,0.139565476813092,-1.0019082926816603
2024-06-20,-0.013558805157003362,-0.9931095762692763,0.26777188892806775,-0.9929118127041958
2024-06-21,0.0014208618736464285,-1.025191955521653,0.17369881220528693,-0.6526068406197141
2024-06-22,-0.006047141456727134,-1.027075758878767,-1.1491079967424533,-0.7205313168589096
2024-06-23,-0.02180421377772701,-0.9925534457765988,-0.8064797567996993,-1.0104550808224766
2024-06-24,-0.019995095208515723,-1.0037810405798449,1.2884051835121755,-1.0717875655201525
2024-06-25,0.013363963957398806,-1.004693909402307,-0.244653332007312,-0.4553546813194851
2024-06-26,-0.007526226555239823,-1.0107500839192038,-0.4753676318524636,-0.8037145571253926
2024-06-27,0.0223545777563241,-1.0330620758204403,-0.41990658389665986,-0.17545463881625667
2024-06-28,-0.02065854031739267,-1.0026454566493435,-0.2707771010813075,-0.462832282167607
2024-06-29,-0.00019806905467367741,-1.0144893835023716,-1.2714726311290647,-0.8540462334747364
2024-06-30,0.017765182101838528,-0.9683112806843613,-0.9702663358091618,-0.8291137419117094
2024-07-01,0.0021708806286613314,-1.1919643813491216,-0.29005329104437083,-0.4112786792247216
2024-07-02,-0.0069722194841920215,-1.2328910712576748,-0.7198322842985605,-0.3959233427553655
2024-07-03,-0.03613149037734886,-1.155780491716967,0.4091567359994093,-1.2374122638345753
2024-07-04,-0.07239623520151972,-0.674173681043881,1.0549075826605705,-1.6150999977522216
2024-07-05,-0.023873895979977133,-0.7447810519803622,2.5435693148178022,-1.7427855391098486
2024-07-06,0.029440346500360093,-0.6639441449856482,-0.5277962986210802,-1.3134477515656755
2024-07-07,-0.045608825587177826,-0.5816832059851048,-0.5997098041997634,-1.4113352559244765
2024-07-08,0.03049945952793487,-0.45624104418569966,1.2572287199349035,-0.9644682308213735
2024-07-09,0.015006640664742665,-0.4847399564097916,0.09037322430039889,-0.9626199747302596
2024-07-10,0.01246259146908213,-0.4588291513449105,-0.006781410992855499,-0.78435853320653
2024-07-11,-0.0006085771524413364,-0.46095894118302716,0.10311049450555362,-1.0543300030213656
2024-07-12,0.010911055279745563,-0.43859221806445786,-0.33063851379862413,-0.7837327579656125
2024-07-13,0.013732565354943382,-0.4376200075778329,-0.9835763177936858,-0.6311362607883366
2024-07-14,0.021050106325543716,-0.41863169161939906,-0.6005277595433469,-0.6079087545487354
2024-07-15,0.0756682020158721,-0.005902599973444818,0.6267769669236041,0.03090681852538609
2024-07-16,-0.013193469233778732,0.003529756636015328,0.8729245625892009,-0.020040848717280457
2024-07-17,-0.0159026492788078,-0.01025472465807635,0.24762817205842283,0.1447680781002941
2024-07-18,0.011067820433664055,-0.03338345534857659,-0.03182337293618362,0.9679804480632399
2024-07-19,0.023196240831611536,-0.0020006595423285927,0.2787173405057005,1.3881900706919954
2024-07-20,0.003868103950767088,-0.01882319579753358,-0.8138555887494698,1.2802716782072772
2024-07-21,0.0049186148294897425,-0.018153349748258236,-0.3134269059629794,2.0332442599736233
2024-07-22,-0.027197137968854812,0.03308331847640985,0.31829141623672846,1.375181793252926
2024-07-23,0.012084550339342526,-0.060924374343945785,1.0435253155138322,1.3689119398061744
2024-07-24,-0.04183132330756956,-0.33947006324925105,-0.09022133939859889,0.6369150853563138
2024-07-25,-0.04852986825503891,-0.18716531205435125,1.267299134775328,0.11307646856204745
2024-07-26,0.031981885880926875,-0.1769750498629512,-0.0869087506092823,0.2680712013014022
2024-07-27,-0.008651992126869734,-0.35668845733160065,-0.22682308575695184,0.09487176315999754
2024-07-28,0.007345926636807887,-0.4088087743278921,-1.0368136652943605,-0.00955112171159927
2024-07-29,0.015000836945357587,-0.4088188322195402,0.2924466926364844,-0.6134953558275928
2024-07-30,-0.012609873928464688,-0.39328378122203644,-0.3179932984821937,-0.6027775852981588
2024-07-31,-0.01444857310697567,-0.3703363228132578,-0.025035387881105098,-0.5835280963863831
2024-08-01,-0.009201015429318393,-0.36690673511463406,0.4921003390562277,-0.8047318196196688
2024-08-02,-0.06732685619396284,-0.04942919295029737,0.5436904768039921,-1.5308470419584446
2024-08-03,-0.02767149249716494,-0.0531459578872309,0.015010823735367234,-1.6896277064025929
2024-08-04,-0.07473578631090383,-0.25787467473398895,0.4257310319738274,-1.9558710224391043
2024-08-05,-0.10020575290203382,0.24604079639598064,5.439732033426692,-2.069176028579234
2024-08-06,0.01717585219975959,0.3150871743899845,0.5904503947676825,-2.0693691873838396
2024-08-07,-0.049673947786168404,0.3337000447180451,0.3302456447102939,-2.0555752743897364
2024-08-08,0.14840580649003665,1.6087443056848065,0.2075634501814125,-0.9396641677083265
2024-08-09,-0.03121250061300085,1.6109394132274584,-0.42835028515571494,-1.2770075020474412
2024-08-10,0.004009971491242048,1.6095139085232228,-1.326067894269399,-1.2212058891666813
2024-08-11,-0.021751054706288353,1.6044948131182073,-0.8533177005777075,-1.3392585115218678
2024-08-12,0.0670437834865365,1.842081664478403,0.03875626714972218,-1.0517433336007378
2024-08-13,-0.007619940833063277,1.8009174941376649,-0.539610374851724,-1.0288780313279449
2024-08-14,-0.015074713930707695,1.7359404248893857,-0.5601849051479156,-1.0215972429729743
2024-08-15,-0.03485922591835067,1.6929236508153616,-0.5035192750199572,-1.0888293016610788
2024-08-16,0.008987583355268836,1.7085104458030147,-0.839804328630262,-0.7841919311643439
2024-08-17,0.008237105726658145,1.7098308402778541,-1.5770357499054037,-0.6187811322860053
2024-08-18,-0.00045503000041835495,1.6870750445782179,-1.2668589441498341,-0.23912279314894816
2024-08-19,0.009164158253623267,1.702411834133534,-0.9401560110445657,0.5088670447238395
2024-08-20,-0.024342815448445854,1.710362086874574,-0.7798284094103888,0.21939305629156197
2024-08-21,0.02265299333570292,1.7527899878845818,-0.8071344061100417,0.7408784165736809
2024-08-22,-0.003208978571182075,1.59906172369098,-1.014042220096461,-0.3327686190293238
2024-08-23,0.05394518732020126,1.712236773270449,-0.25487779692479356,0.5542066877586084
2024-08-24,0.0017879260896347393,1.4670182195511705,-0.8442379064009947,0.5377154754589736
2024-08-25,-0.007305556877908126,0.9508076653029315,-0.9166480740557709,0.719515396108275
2024-08-26,-0.024668333251928187,0.9929715005886912,-0.38914849130908,-0.2872191486931386
2024-08-27,-0.08302340092495786,1.2221346566709033,0.5830457077918779,-0.9560729423377147
2024-08-28,0.02834351973360194,0.050319521624167,0.9966584625683166,-0.5442737583403244
2024-08-29,0.00014918325787260933,-0.009065875473010295,-0.018693924933139507,-0.2409219584833809
2024-08-30,-0.0011747515310726042,-0.010820478376793645,0.18655919335044485,-0.3497024852304792
2024-08-31,-0.004920466505769938,-0.040323484596741344,-1.2260577849490328,-0.4899438192872716
2024-09-01,-0.034014349489517204,-0.33018050735660986,-0.29543863673620857,-0.7504069803562248
2024-09-02,0.04542394894641233,-0.14589369640148753,-0.1390086870779765,-0.4029345623460987
2024-09-03,-0.04632577672207194,-0.024851472358382105,-0.29937455192220974,-0.5479301036164892
2024-09-04,0.011721576032903469,-0.0802084730436753,0.6410817109359752,-0.6583791920752009
2024-09-05,-0.03317283105091118,-0.026329593252144883,0.09025540018781798,-0.8280580088133155
2024-09-06,-0.06075888100671323,0.16344546893804918,1.9364459586473461,-1.6601396243353732
2024-09-07,0.022587006825558698,0.2167692845555706,-0.5058003275508255,-1.4630968141812877
2024-09-08,0.010195557730363625,0.2188719931860374,-0.5644666610971014,-1.338219906042212
2024-09-09,0.026635352920471922,0.25867802037495663,0.2628752691783901,-0.9850183461743895
2024-09-10,0.013185970725884122,0.2325171561682752,-0.24224030310267713,-0.31950530187491466
2024-09-11,-0.020815155801287455,0.2488462009800627,0.1345484245985386,-0.7487727388702365
2024-09-12,0.009376782595058808,0.027714099586616487,-0.34517747692824063,-0.6567739309433461
2024-09-13,0.03379882152498004,0.13190564464039048,-0.10037240511701777,-0.3461239449617666
2024-09-14,-0.009424724345186375,0.13262158585089284,-1.0009612130917034,-0.37602629884059696
2024-09-15,-0.04039471590968735,0.18636805434946027,-0.6649519345763459,-0.40966146534160675
2024-09-16,-0.011036044683605084,-0.2362233883760309,0.44069999083322176,-0.9036438075908949
2024-09-17,0.020225853753695455,-0.270261058986677,0.24652769157296203,-0.372722528217525
2024-09-18,0.011966155926492306,-0.25363703075607164,0.6701849999681653,-0.37416235319443153
2024-09-19,0.04009875947956032,-0.12335513701423452,0.6841775416182446,0.2728191938500154
2024-09-20,0.039078907942797114,-0.018921299321610772,0.6602650527086933,1.2273437979387698
2024-09-21,0.021391493792606076,-0.08996884443564505,-0.6354335310240612,1.2367818472219207
2024-09-22,-0.012613314361003103,-0.2057467980242273,-0.2658673490460399,1.0057310897808087
2024-09-23,0.025430636221980274,-0.3553568467053974,0.7001307534569746,1.0161984439574598
2024-09-24,0.0021931251720292977,-0.3588804339485604,0.2051512315520237,0.9556066274559175
2024-09-25,-0.028242759218479185,-0.3867344155790014,-0.1849894652659581,0.8252919018152859
2024-09-26,0.020474339471486358,-0.7708756403290931,0.3811091211683412,0.9014937724317632
2024-09-27,0.024200548885121798,-0.7662871863817763,0.27903783209585237,0.8624609880972959
2024-09-28,-0.006810923232421495,-0.7444231646976285,-0.7567564645895765,0.8855900109663822
2024-09-29,-0.006794350426726936,-0.7625812077546805,-0.5945789250992366,1.3300981209586953
2024-09-30,-0.021164662339909768,-0.7011280850783441,0.4040651700409661,1.146818201465908
2024-10-01,-0.059215476810716816,-0.409211474207097,1.4494330790650363,0.290732257992697
2024-10-02,-0.03417400898294953,-0.31238101416486386,0.5819153699284092,-0.09498492948663943
2024-10-03,-0.006528083382423278,-0.4035873434239094,0.2435035861798866,-0.4903697816124279
2024-10-04,0.027663174452933648,-0.345496419032257,-0.2528414845540739,-0.6234918325180904
2024-10-05,0.0003469822452661919,-0.4875967595957643,-1.1854570112827776,-0.8804294287528194
2024-10-06,0.010070213255379601,-0.49951840600707903,-1.1108713997134305,-0.6584782300179673
2024-10-07,-0.0074432160600884645,-0.5169912264189201,0.16510881469305885,-1.0645253854480896
2024-10-08,0.007450745129958358,-0.5230496947212178,-0.2882872053192406,-0.9942648144276233
2024-10-09,-0.029328705566008972,-0.5878181687806745,-0.13501293534110576,-0.9843835833940331
2024-10-10,0.0065762664129611625,-0.7392583596575291,-0.05219533231434566,-1.2073645744993289
2024-10-11,0.022088362462288513,-0.7359245335769704,-0.3431555392467526,-1.2787207624508716
2024-10-12,0.016420909144015505,-0.7113225941836381,-0.9327022707476188,-0.9773449023530517
2024-10-13,-0.00357202041554483,-0.7865131168519656,-0.9098273037357505,-0.9484407045425796
2024-10-14,0.06533387483978648,-0.3897483488871736,0.9314729410906846,0.019769489138448833
2024-10-15,-0.00870247272142377,-0.4499997519050827,0.931800134358787,0.662373221882212
2024-10-16,0.0019493612019787498,-0.4835624339126095,0.19421471173041335,1.2579400866487338
2024-10-17,-0.0026152226716711358,-0.5363964656848188,-0.06831539337066173,1.3281608233501905
2024-10-18,0.014314475606500121,-0.5195037954717481,0.15879339677106444,1.2467059770964424
2024-10-19,0.002689606589697968,-0.5226329646954558,-1.070678187679564,1.265925434914881
2024-10-20,0.03688927328017333,-0.46071541991237225,-0.1634802792284897,1.459133397843827
2024-10-21,-0.029366775513825272,-0.7147076381658539,0.3198390078726895,1.0226963537297504
2024-10-22,-0.01707410468059689,-0.8159670508376539,0.08398002584378918,0.7009339966222642
2024-10-23,-0.04240086191916037,-0.6198085767087972,0.4485535536508222,0.49479740546930506
2024-10-24,0.010123020035770258,-0.670187400487475,0.16597234056448343,0.5263227187655218
2024-10-25,-0.03888913398757343,-0.5237612389098234,0.9982019306444756,-0.08259977762113459
2024-10-26,0.017927081761059283,-0.5061861490431004,-0.35767282257524813,-0.06882185496525164
2024-10-27,0.01062161945285034,-0.5061274990912276,-0.8731620694609121,0.060270881195357076
2024-10-28,0.02370665487957191,-0.4700141392812472,0.44662463321436935,-0.34970310826812934
2024-10-29,0.02830390688093809,-0.5167428077706739,0.8431825528283428,0.04553103009421003
2024-10-30,0.007359875554762585,-0.5165774933422709,0.8016502568559412,0.09848676557717259
2024-10-31,-0.05327564692788833,-0.2787166713025153,0.38208545641491554,-0.36927469436351545
2024-11-01,-0.001555695771857435,-0.2950934733623498,0.35637549402315927,-0.5207251516249255
2024-11-02,-0.00828735806127956,-0.29005309278459224,-1.0515171863286639,-0.6068734150120936
2024-11-03,-0.013907007819047301,-0.6460709383558038,-0.21532423503412162,-1.1269752755375304
2024-11-04,-0.024181043059307794,-0.6098773382623643,0.013655140390852666,-1.0772977361600908
2024-11-05,0.010690023242502233,-0.5943128479302527,0.11457889524554066,-0.8329906263337636
2024-11-06,0.12445812465100636,0.49720829579589765,2.967667147132043,0.5716876276689484
2024-11-07,0.06292423408548897,0.6860917040040826,1.9237085151789008,0.8662423040232355
2024-11-08,0.023038926949513483,0.7016853349504021,1.326327490242158,1.3415215332981925
2024-11-09,0.05699898471735465,0.7883824463456524,0.8594272869844866,1.4917288476427324
2024-11-10,0.01922197042565066,0.7172264214164514,2.4986811753647933,1.5269905603661298
2024-11-11,0.05749377681988088,0.7857085557229526,2.8497274159803334,1.6408963046877592
2024-11-12,-0.0380926778784183,0.7609534876343892,2.5759283706555047,1.1609141461100736
2024-11-13,-0.016530228997185037,0.8070657429658958,1.882661698228303,0.9854568874823185
2024-11-14,-0.041861613246530704,0.8235720859123679,0.4980227853973416,1.0073109513868983
2024-11-15,0.014414035918883572,0.8220925622820608,0.17372242518735517,1.0707031435580339
2024-11-16,0.00974315294018413,0.8222655577981618,-0.34628762887107145,1.1620553325407619
2024-11-17,-0.01838725437104416,0.8589045897145402,-0.2518474863353681,1.099087122523567
2024-11-18,0.04298093890177013,0.897404544370306,0.21425839061298405,1.391855041243408
2024-11-19,-0.030073793436219964,0.9777278897744126,-0.21445104743108728,1.1157562683135354
2024-11-20,-0.012597623598885388,0.7982878785253952,-0.24980338457989032,0.6400620449404332
2024-11-21,0.09402613638837987,1.1176919545211308,1.1097130803748487,0.8069305412289078
2024-11-22,-0.008763062239896535,1.1188035568415078,0.02618136752641759,0.6417425828179195
2024-11-23,0.019396849109391878,1.0744453438244663,0.07930973421173045,0.47818485340471706
2024-11-24,-0.009588143309746888,1.0247668626003923,-0.6246345454238728,0.2903647967480242
2024-11-25,0.01483028442427825,1.0225785491205195,0.6849179814146339,0.012348473611118443
2024-11-26,-0.0254945044570557,0.4564130875696864,0.009622795816577283,0.11881293402413487
2024-11-27,0.09942287996365606,0.7418012518641445,0.18769808404400778,0.8473729148432447
2024-11-28,-0.021173767078749073,0.7912777043421862,-0.4524248866359887,1.002579691818969
2024-11-29,0.003822229533186672,0.6680936402700778,-0.7243862448231945,0.9626688747794089
2024-11-30,0.03122613408711894,0.6908480278306433,-0.5078777231790448,1.0663323347437492
2024-12-01,0.0014733272945559595,0.5491995576114154,-0.6035735242926327,1.241510440398818
2024-12-02,-0.018044617264257212,0.4704111600181842,0.6223956650546555,0.8729642702182172
2024-12-03,-0.0064449882448404106,0.44888065116506015,0.018970455254558826,1.0989205514439362
2024-12-04,0.06093260244895049,0.4491266339286521,1.188267598783361,1.4702228847290444
2024-12-05,-0.007893814272854183,0.4707802196111067,1.284208666798559,1.0316489629240304
2024-12-06,0.051115670898385535,0.5587334886306802,0.7185384631723747,1.3755429615979153
2024-12-07,-0.0007783493216640958,0.512185059850041,-1.0191525040452698,1.2937853153409995
2024-12-08,0.0007524841828581152,0.46797209059330375,-1.0909371710459252,1.4096703820959746
2024-12-09,-0.07165135464156769,0.75485502575576,0.9307833778188853,0.5124370977914656
2024-12-10,-0.02335679484361486,0.7863654080469649,0.8937022552486094,0.5128364661738429
2024-12-11,0.055340716460503314,0.5013571275219906,-0.30714226929588384,0.2941180584721878
2024-12-12,0.013118151777930187,0.48706166754916685,0.06859527846253648,0.5800896195477235
2024-12-13,0.007237451638409276,0.47959281061662923,-0.3730087627401051,0.6038972600437509
2024-12-14,-0.010942930708463194,0.4824326526754277,-0.7192635587228672,0.28958003326268184
2024-12-15,0.02159439944037822,0.49059757202868093,-0.8784261078041941,0.43479048201397247
2024-12-16,0.00899299697642908,0.42116052445869434,0.343169185832389,0.6720161808817137
2024-12-17,-0.02525776168846805,-0.06965202689229294,-0.27507363724371714,0.4698155506704997
2024-12-18,-0.06894545380539963,0.2328552465029739,0.4513260321031672,-0.5252405080573188
2024-12-19,-0.05550562793804503,0.4183115838444823,0.889885250528632,-0.7816222810433695
2024-12-20,0.015982047785855658,0.3710757756750746,1.150552854132608,-1.123936424536481
2024-12-21,-0.038971625917780583,0.4441253315436016,-0.6818530251422689,-1.2735287516479372
2024-12-22,-0.01788530954448675,0.4438746638413023,-1.0025764638535701,-1.3406682926945377
2024-12-23,0.042181162840310815,0.5636837292842016,-0.4764283248327857,-0.6571520177542463
2024-12-24,0.022327047913535125,0.3608021191545537,-1.0384875466897747,-0.348474727853175
2024-12-25,0.00033949884489303805,0.36094625884021564,-1.2874404481114425,-0.8336789685480785
2024-12-26,-0.04637807223950974,0.25844283861841477,-0.9609309386285502,-1.2059563625460055
2024-12-27,-0.000693089573747363,0.25852689405719337,-0.8503867527953366,-1.290489120141661
2024-12-28,0.02072306150150305,0.3053478225723758,-1.4440370600459305,-1.0397270527651004
2024-12-29,-0.014240820106154684,0.03167420678754151,-1.4448484416806338,-1.340639303375623
2024-12-30,0.0020537760301735375,0.00884412910704604,-0.46637430167777,-1.429184581387347
2024-12-31,-0.0071090729967826505,-0.25394396007243086,-0.8565662273125916,-1.3379565456460876
2025-01-01,0.006293237021109732,-0.27111230797676616,-1.279915927780096,-0.8310769865435962
2025-01-02,0.029189893122086197,-0.18968720246184206,-0.6489582200134615,0.025158339156887432
2025-01-03,0.04450875524089293,-0.020909903928757273,-0.6574694206153456,0.29589377490837737
2025-01-04,0.014617719482165947,-0.04165242639821241,-1.0836035965890052,0.9124811451193378
2025-01-05,-0.006452957745802013,-0.05258521979763586,-1.2735412648386393,1.0697303542232006
2025-01-06,0.01499890260780301,-0.06378562889400102,-0.3126969016292001,0.8925244371551906
2025-01-07,-0.08323835401301194,0.08068794743686743,0.4698973848248969,-0.38558057546635666
2025-01-08,-0.016337951334858714,-0.1038342526433028,0.799771327361788,-0.5183510715138325
2025-01-09,-0.03213713091240178,-0.06296099231764503,0.5107868394757312,-0.3895510842505452
2025-01-10,0.014927896012281394,-0.1406588600670148,0.3119118971940867,-0.24299846552931945
2025-01-11,0.004507369034684849,-0.16236923643767165,-1.1228328777846421,-0.40298906029973475
2025-01-12,-0.004955978757455792,-0.29961981130384746,-1.0704139614241348,-0.3210378486518566
2025-01-13,-0.03994285558798849,-0.24795655227548416,1.822927144905692,-0.645418546598226
2025-01-14,0.028124644018336253,-0.1710234598098263,0.01871361511204713,-0.3435189032192599
2025-01-15,0.07037072715887938,0.037818923912620865,0.31960935497238685,0.11904982205690054
2025-01-16,-0.041208762051769265,0.15735155237245746,0.3469370885639175,-0.3652819008947388
2025-01-17,0.05010419171097702,0.2860379368234753,0.44383779180836563,-0.3388859987502955
2025-01-18,-0.0484491750950794,0.4199495579122051,0.7330065286061231,-0.7233974638505588
2025-01-19,-0.02928958236001966,0.4674045103342068,2.758546250127563,-0.8221012183184696
2025-01-20,0.02152440391061483,0.4943395793808137,2.055329536308751,-0.7903173003274314
2025-01-21,0.015061109347230373,0.5051141430982534,0.32445891457999365,-0.19158519817084302
2025-01-22,-0.026201080984625813,0.48851207785028117,-0.5361909549170508,-0.2531209180103337
2025-01-23,0.029161404946970837,0.4168202859433561,0.24519732610805872,0.15288227449859765
2025-01-24,-0.007544628669076459,0.3974132783732449,-0.33187520479792704,0.006132485216621824
2025-01-25,0.0023310081774501334,0.3995894397582449,-1.2587120876058042,-0.007926300622380839
2025-01-26,-0.02445844485711024,0.39880339481732063,-1.1831824173599146,-0.13927595490881903
2025-01-27,-0.017679695057172262,0.01128905269419496,0.7571453370696978,0.00993241246373192
2025-01-28,-0.0320259233300908,0.05650892281093127,-0.6687716708779872,-0.3823448026417835
2025-01-29,0.011662386097330613,0.009152713161637892,-0.48764065762560665,-0.8880575757123129
2025-01-30,0.0432961927853559,0.12207503688251449,-0.6931449456684425,-0.22624165274663088
2025-01-31,0.015544497153892722,0.13589737836082394,0.06219599425025378,-0.5498815470969308
2025-02-01,-0.05455489961504678,0.3201979142925542,-0.7716317577652038,-0.5754728945609733
2025-02-02,-0.08005434100956466,0.5903996686800588,0.9504035954779806,-0.8668281334694811
2025-02-03,0.005533453740142802,0.5362125611875407,4.111334701727582,-1.0310981062895326
2025-02-04,-0.05183287439003281,0.28595072815121314,0.9538562051795024,-1.3988557837245086
2025-02-05,0.01927853557646908,0.27446874116513864,-0.19722836756373507,-1.1155128243653394
2025-02-06,-0.035647794157377954,0.08294153442554043,-0.36527346452208165,-1.553218979335293
2025-02-07,-0.024620471517087794,0.002432917492437322,-0.35514054215648383,-1.5965998795083947
2025-02-08,0.0038506311160004802,-0.009099679523954034,-1.117705685853439,-1.5885420297946198
2025-02-09,-0.0013627424019899692,-0.07324348161689842,-1.013054299479951,-1.5037154949937563
2025-02-10,0.0123427150611084,-0.08261567097381063,-0.8370752986563682,-1.319038138620262
2025-02-11,-0.02193953673434812,-0.09082874357107712,-0.7001481214254728,-1.2584203493371813
2025-02-12,0.051529524214203315,0.0647410066994237,-0.2361982305957639,-0.9402891612010239
2025-02-13,-0.022287794557012575,0.07509320508732285,-0.7991512525414485,-1.4708286263900472
2025-02-14,0.018755901306300338,0.11916904626291674,-0.9462792573715081,-1.471902855535907
2025-02-15,-0.011933472391497446,0.10380645048032187,-1.4822254326133861,-1.2633438950001017
2025-02-16,-0.011228225310643603,0.09866186452477547,-1.4549252654064246,-0.8099458529484194
2025-02-17,0.029994109419593684,0.14538082066523395,-0.34399670193078014,-0.5452074348323506
2025-02-18,-0.026925068435387,0.15284597519137164,-0.44084518963722535,-0.3172960835709813
2025-02-19,0.017394617624989728,0.02116048999723995,-1.0655591861666274,-0.34209091331399705
2025-02-20,0.009063900656951951,0.0026021277474032444,-0.9769447776319042,0.12858362015148053
2025-02-21,-0.029459697666460616,-0.11723147573147474,0.28757877319057823,0.06707649303756237
2025-02-22,0.039243345090012705,-0.40755364542237815,-0.8975883563583287,0.37820589484133366
2025-02-23,0.020723733255699095,-0.3725453915635637,-0.25169773058089095,0.548561236878511
2025-02-24,-0.10898801644535905,0.2572929330249157,0.7604843075802444,-0.4456361244616725
2025-02-25,-0.008047015853369976,0.22308047889703728,1.8405202530474114,-0.3604211814085091
2025-02-26,-0.06502260921668868,0.3851096910169393,0.6752978280998341,-1.0944078870590117
2025-02-27,-0.01113823258073876,0.3659569879322392,0.2336244600185172,-1.0364082066784994
2025-02-28,-0.029312322518993406,0.3904703974994833,1.2859020861548445,-1.3206717562747945
2025-03-01,-0.009500832382402846,0.388317980362703,-0.6932415483840486,-1.304430247868977
2025-03-02,0.13671629895947635,1.4033664702785362,1.0891905672352775,-0.37587864067908333
2025-03-03,-0.14847855308604507,2.234777640126865,0.6899875412240517,-1.0931574589786983
2025-03-04,0.011391432967872817,2.1120124323805047,0.8787103446198565,-0.952390627620458
2025-03-05,0.03316205356610458,2.1711727269482703,-0.2517800898455231,-0.894967799739958
2025-03-06,-0.017618594251921915,2.147266749681921,-0.5929345089458665,-0.9969057953721524
2025-03-07,-0.02882630029114286,2.161335437780276,-0.2745183608889932,-0.9768393100276149
2025-03-08,0.029230046295678047,2.2157720876564793,-1.365241912398354,-1.0742101456364535
2025-03-09,-0.08448795471326165,2.35603814176603,-0.8297158024352557,-1.398077939409284
2025-03-10,-0.07658500963990722,2.488182653086523,0.8543624071484287,-1.251332585052482
2025-03-11,0.031536179458804936,2.528356514445851,0.3951564249618446,-1.0852273507274337
2025-03-12,-0.005657907202539225,2.510274930154966,-0.3378381103692506,-0.8967543556757887
2025-03-13,-0.024103446480985946,2.5061581679529557,-0.7248344517627383,-0.9239363236065479
2025-03-14,0.024959035666801466,2.4571290111368547,-1.2388584063387047,-0.7155041742746945
2025-03-15,0.01462560823630299,2.442142113559625,-1.7328816117285775,-0.6179387888237549
2025-03-16,-0.025786999381329778,2.117680542150215,-1.4334949885972377,-1.5506902145412538
2025-03-17,0.020963831795744126,2.158339380596341,-1.2550902998145759,-0.781521639780307
2025-03-18,0.002875204421535882,2.045799035618045,-1.2361141829128692,-0.8588343055691517
2025-03-19,0.06478796942480636,2.2351786224172265,-0.148625659200645,-0.649207426283202
2025-03-20,-0.03676306928602102,2.2512141569552697,-0.8114838415174889,-0.734987041974144
2025-03-21,-0.008704061657306195,2.2509325732351546,-1.1966130964611095,-0.6240466862155447
2025-03-22,0.007731036303297412,1.412583367641673,-1.5592493616734953,-0.8099207423831939
2025-03-23,0.012758015026691494,0.40124074553653755,-1.3140360759849525,-0.12178520943407166
2025-03-24,0.035994533770415726,0.47629088815687926,-0.31206242709191295,0.9132439747432075
2025-03-25,-0.004676265671871183,0.4016643422575323,-0.58677364152056,0.6577343372928872
2025-03-26,-0.028327615997143618,0.4263186373564758,-0.3374400244612087,0.3808161733258262
2025-03-27,-0.003400331205273277,0.38736313483841206,-0.5115733510705458,0.604847260202918
2025-03-28,-0.05336434495667708,0.45949480610738186,0.44608275691701815,-0.14254401793591787
2025-03-29,-0.03597072635426679,0.13067916368415927,-0.4414586966317873,-0.54101043391758
2025-03-30,-0.01154788485957492,-0.2481979831091957,-0.6605938737089053,-0.43541139889549024
2025-03-31,0.009556624138489678,-0.3235721004656915,0.50168786356523,-0.5490697683139616
2025-04-01,0.044975253629213396,-0.1652616331419893,0.4514607299451213,-0.1895224405179214
2025-04-02,-0.05782142048584138,0.027689890713895705,1.7823596043116416,-1.1621106836466324
2025-04-03,0.011320573057860273,-0.009465067692726146,0.6127524174478423,-0.8266969012512052
2025-04-04,-0.00016633386447217902,-0.029255701727018503,0.7595560567130223,-0.7692104023537681
2025-04-05,-0.0051571403729591125,-0.06750688287189441,-1.2284091854273294,-0.8900076658842716
2025-04-06,-0.12693722742042624,0.7857587372192311,1.3382060546220544,-1.5730782372584118
2025-04-07,-0.013627626435405826,0.7784231012545291,4.416031909737452,-2.020404537395707
2025-04-08,-0.05316723773116572,0.5344969569718442,0.7775780268740055,-2.098112815157064
2025-04-09,0.1327537447707503,1.535869558561705,2.95178057828984,-1.0738609145050384
2025-04-10,-0.08724085563087758,1.7925511272313661,0.44986851670773603,-1.3031460054344302
2025-04-11,0.02931391157840868,1.8442178348889375,-0.4441292398662077,-0.966816251705537
2025-04-12,0.04873738626716384,1.959889741935206,-0.8139814033538925,-0.5727140942957938
2025-04-13,-0.028501344272703122,1.888870832526109,-0.5879262257019886,-0.6283083060789937
2025-04-14,0.016336405441875312,1.9174585559720356,-0.2879589448851316,-0.6009920611474477
2025-04-15,-0.021036532181973544,1.909144623037438,-0.7015065349165397,-0.9399826117507648
2025-04-16,-0.00662651680945181,1.907771422132794,-0.452951780568932,-0.7319162374679811
2025-04-17,0.002815397066748826,1.8339539264766873,-0.9200884551925311,-0.7915262641391857
2025-04-18,0.004029161456178265,1.8033284540631938,-1.4301409983005393,-0.7666556123746022
2025-04-19,0.015103402450633574,1.8179676018613964,-1.4176474301684683,-0.6565063983528073
2025-04-20,-0.01575312130479345,1.814240246210657,-1.3343820459290143,-0.03940284783083664
2025-04-21,-0.004900607977736393,1.7034820567347273,-0.32415130884908705,0.014456610838382797
2025-04-22,0.11242216226721125,2.1265210645593267,0.7530002344266825,0.8957135376981866
2025-04-23,0.022063326905880754,2.1395895539592904,0.589515768465139,0.4614549108410327
2025-04-24,-0.014627537926254486,2.148464152547368,-0.37643083831747054,1.1932113040398615
2025-04-25,0.009494042160750782,2.150138404883364,-0.15525165442603395,1.1102254049274325
2025-04-26,0.019727919508667258,1.4484619816477697,-0.8019549508097187,0.9699539808563709
2025-04-27,-0.015926458222360718,1.4531868448649423,-0.7213332552962838,1.1194752744920242
2025-04-28,0.0033392455309573243,1.2754823834356432,0.12528158621425894,1.0454828934438876
2025-04-29,0.00018003291759050022,0.4686619486397679,-0.028231672268233775,1.377254541483041
2025-04-30,-0.0030015237962643937,-0.09130347086465163,0.03727875885422083,1.4317248519693881
2025-05-01,0.025335483600515296,-0.10198053402781229,0.1965608685147574,1.5531776266691577
2025-05-02,0.0018955454880142941,-0.22602379168464287,-0.17966102931240352,1.5453562257819493
2025-05-03,-0.004812571830357215,-0.31090813920496685,-0.9820717719281762,1.3850260474765665
2025-05-04,-0.013766461212495806,-0.2862910300231348,-0.8490133797215725,1.386668971597331
2025-05-05,0.006139172208646793,-0.3455035907519389,-0.4259278297646647,1.4996562647562273
2025-05-06,-0.0025333800408158247,-0.3531957746547925,-0.10437445806505516,0.5562899403504709
2025-05-07,-0.0019177229274721652,-0.3480883330630004,5.107237282543255,0.11774439666550102
2025-05-08,0.2179876908621854,1.8991111850648947,2.7258595158802326,2.0133785798136596
2025-05-09,0.0629919569669184,1.9754447504304753,2.9566616885486847,2.139453474398031
2025-05-10,0.10100811912068441,2.1517203246336907,1.1177006547446013,2.273787332854398
2025-05-11,-0.027952363120453683,2.224612957167331,0.6062724468455177,2.039990611802565
2025-05-12,-0.005513456904119418,1.93794509561717,1.158592873389833,1.9646040334871453
2025-05-13,0.0735988233044782,2.049517558006143,1.221086946074656,2.0897601575407196
2025-05-14,-0.02614291683469505,2.0866568227860665,0.41417032118582986,1.823247635498552
2025-05-15,-0.02421638604114429,2.1576427563594134,0.361566952837209,1.546044165601198
2025-05-16,-0.004146022508211833,2.1774234865800572,-0.22222860796914806,1.5046511423013817
2025-05-17,-0.023870705359441913,2.2000969359970775,-0.4967259271377602,1.3277661833884564
2025-05-18,0.009079756900171487,2.195054134296602,0.06393980634800532,1.4357131545554793
2025-05-19,0.01238199059589462,2.1839702811226576,0.22072059044940973,1.4556336146018898
2025-05-20,-0.001974425904344268,2.1823300740824836,-0.18122865068167548,1.4543522374897853
2025-05-21,0.011161703733228778,2.182411101535978,0.5058017463210531,1.4931340557801842
2025-05-22,0.04380666386466037,2.1945338086176642,-0.02849074304456604,1.15425737638165
2025-05-23,-0.051691806751355096,2.3583215639229493,0.205215093027402,0.4083268940802664
2025-05-24,0.001664137106111907,2.331073742543058,-1.390320429716392,-0.26022819920378
2025-05-25,0.008344775909608915,2.3292456806720807,-1.134614252221689,0.07345796290283155
2025-05-26,0.004849395212889407,2.319693287471633,-1.1071921182991729,0.17107421183251353
2025-05-27,0.03858270497969518,2.3147743501672875,-0.07996627851944424,-0.1516750301360795
2025-05-28,0.007188345657390238,0.47080359831765106,-0.6353270512950646,0.24549827837948904
2025-05-29,-0.01847657419064974,0.33599604541995726,0.19850493324428975,0.3157839966855638
2025-05-30,-0.039014299261621144,-0.19211692800551955,-0.04771991860432323,-0.10591383375986943
2025-05-31,-0.00033842697943353706,-0.2511639706227704,-0.9983234496217478,0.15347332748621467
2025-06-01,0.002838555548326349,-0.2541028287023702,-1.0133703714934987,0.09042900371059606
2025-06-02,0.027927293393387842,-0.6379885062225248,-0.6072433801040958,0.24878796457127372
2025-06-03,-0.005299816803046031,-0.6961132824823679,-0.4117284127848486,0.20771873443681751
2025-06-04,0.005924077364914293,-0.7523617821064074,-0.3401683829662878,0.1588223565994693
2025-06-05,-0.07373849813037003,-0.2908227615705373,0.4377642656547176,-1.020041965725719
2025-06-06,0.02520777285804554,-0.27964828151387666,-0.28251137804879023,-0.2885172608704915
2025-06-07,0.019905800865118284,-0.25673958294487625,-1.0605707893531873,-0.09680324177670016
2025-06-08,-0.006221345063654238,-0.2640831731600217,-0.9632935389554572,-0.2438720871011837
2025-06-09,0.06799858890117094,0.04975208919215313,0.015643324563292985,0.3023492009199361
2025-06-10,0.049226047740363876,0.17903288459897343,1.6823790172887634,0.39216743554703776
2025-06-11,-0.01421291324458307,0.09685907815318329,1.0997544477441585,0.19993804870654416
2025-06-12,-0.04389141697422694,0.043961179653250734,0.5988253489109532,-0.025916216566411895
2025-06-13,-0.02726797414745119,0.1021662727402667,1.6953338109302225,0.06509207524976209
2025-06-14,-0.017849288846087386,0.12147113622609766,-0.8162473602639481,-0.06818775761421288
2025-06-15,0.005286505610925474,0.12175275968517081,-0.8471386253932888,-0.050937008948684206
2025-06-16,-0.0024470263889081467,0.017605337580256206,0.11156241604139931,-0.27840502037058334
2025-06-17,-0.011746613932036243,0.01745766622403016,0.3762110858763797,-0.32205011503078856
2025-06-18,0.005762499490717721,0.003639103380006526,0.04527257928432938,-0.3248959938412186
